customer_id,full_name,email,phone,city,created_at
4,Савельева Юлия Кузьминична,odintsovgerman@ignatev.biz,,п. Воскресенск,2025-03-28
7,Гедеон Феофанович Андреев,belovemmanuil@hotmail.com,,п. Руза,2023-06-08
9,София Константиновна Полякова,lavrnekrasov@yahoo.com,,с. Петушки,2024-12-16
11,Зыкова Глафира Геннадиевна,silagushchin@mail.ru,,клх Печора,2025-08-20
21,Авдеев Ермолай Аверьянович,kovalevairaida@arhipov.info,,клх Хасан,2024-10-05
24,Носкова Нонна Петровна,apollinari24@mail.ru,,г. Усть-Кулом,2026-04-07
25,Трофимов Максим Игнатьевич,januari_2015@aviakompanija.biz,,клх Невьянск,2026-03-04
30,Наталья Ждановна Тарасова,oktjabrina_84@rambler.ru,,клх Санкт-Петербург,2025-11-15
35,Эрнст Филиппович Игнатов,kkapustin@gmail.com,,клх Ноябрьск,2024-08-07
45,Клавдий Дмитриевич Калашников,kabanovvadim@ao.ru,,к. Сунтар,2024-01-03
50,Мишина Антонина Макаровна,ivanna25@gmail.com,,к. Соловки,2023-09-23
51,Евдокимова Раиса Руслановна,nikonovamarfa@gmail.com,,"к. Москва, МГУ",2024-07-12
52,Емельянов Симон Виленович,dkudrjavtseva@ooo.edu,,с. Казань,2025-06-25
63,Силина Октябрина Матвеевна,selivanermakov@mail.ru,,с. Шелагонцы,2026-04-11
67,Роман Дмитриевич Якушев,kapiton28@kordiant.edu,,клх Ирбит,32.13.2024
69,Оксана Вадимовна Фомина,galkinkliment@simonov.info,,д. Кажим,2025-04-27
79,Фомичев Митофан Матвеевич,tatjana03@yandex.ru,,к. Оймякон,2023-09-17
80,Прасковья Станиславовна Рябова,marfa_1993@rao.info,,ст. Североуральск,2026-04-13
87,Майя Юльевна Горшкова,petrovvarfolome@npo.edu,,г. Терскол,2023-06-29
89,тов. Миронов Евграф Ефимович,makarovefim@yandex.ru,,д. Петухово,2026-02-18
90,Молчанов Милий Данилович,spiridon_1973@gmail.com,,с. Каменск-Шахтинский,2023-12-04
99,Полякова Ия Георгиевна,hpanov@yandex.ru,,,2025-08-29
100,Евдокимов Владислав Евстигнеевич,sigizmund1996@ao.biz,,к. Соль-Илецк,2026-01-04
101,Анатолий Эдуардович Шашков,apollon_70@yandex.ru,,г. Новомосковск,2026-02-24
102,Дроздов Валерий Егорович,faina_2025@ip.com,,клх Обнинск,2024-08-21
105,Ксения Мироновна Кабанова,gmartinova@yandex.ru,,п. Сковородино,2024-12-27
107,Авдеева Клавдия Юльевна,dementi1997@gmail.com,,ст. Азов (Рост.),2023-11-09
110,Никифорова Лидия Наумовна,,,п. Томари,2025-07-19
113,Калашников Эмиль Авдеевич,fedosi_02@npo.com,,г. Находка,2024-01-17
125,Горшкова Евпраксия Мироновна,pankrat1974@rambler.ru,,ст. Холмогоры,2025-06-21
128,Козлова Наина Тарасовна,beljaevprokl@ip.org,,ст. Кяхта,2025-12-12
129,Давыд Бориславович Кулагин,kozlovsilanti@zao.biz,,д. Крымск,2025-09-25
137,Куликов Матвей Терентьевич,alla_79@ip.biz,,д. Гремячинск (Бурят.),2025-03-24
138,Максимильян Филимонович Сидоров,sofon2009@hotmail.com,,с. Гремячинск (Бурят.),2023-07-24
143,Доброслав Бенедиктович Петухов,prohorjakushev@yahoo.com,,п. Томари,2024-09-25
151,Иван Денисович Богданов,milan2004@yandex.ru,,к. Тымовское,2023-09-27
156,Муравьева Лукия Федоровна,anatoli_63@zao.org,,п. Ханты-Мансийск,2026-04-27
163,Сидорова Агафья Юльевна,upetrov@rambler.ru,,с. Губаха,2023-07-22
165,Кондратьев Лука Борисович,braginvarlaam@rambler.ru,,г. Дивногорск,2026-04-29
167,Баранов Кир Венедиктович,,,д. Верещагино (Перм.),2023-10-19
177,Филарет Ермолаевич Фадеев,qmaksimova@npo.info,,с. Верещагино (Перм.),2025-05-28
179,Кулагин Эммануил Егорович,agapmamontov@oao.info,,ст. Добрянка,2025-03-18
180,Макар Глебович Федосеев,valerjantrofimov@hotmail.com,,с. Чусовой,2023-09-10
182,Устин Игнатьевич Титов,vkrilov@hotmail.com,,п. Орел,2025-06-26
183,Каллистрат Венедиктович Королев,evdokimfokin@mail.ru,,п. Миасс,2025-10-20
193,Ия Кузьминична Веселова,margarita_1986@yahoo.com,,с. Сибай,2025-06-29
194,Александра Натановна Тихонова,shirjaevostromir@yahoo.com,,с. Пушкинские Горы,2023-07-13
196,Конон Терентьевич Селезнев,mitofan_1982@ao.ru,,с. Коломна,2024-09-27
207,Лукина Любовь Геннадиевна,kozlovlavrenti@ao.info,,к. Буденновск,2025-04-24
221,Сигизмунд Изотович Стрелков,pshubin@gmail.com,,клх Надым,2024-01-10
222,Артемьева Полина Руслановна,,,с. Бузулук,2025-12-29
231,Сысоев Куприян Федотович,emmanuil_1973@rao.edu,,д. Надым,2023-10-12
239,Галактион Адамович Колобов,lsilina@rambler.ru,,с. Карпинск,2026-02-13
240,Зуев Афанасий Гертрудович,kuzminamvrosi@gmail.com,,д. Кырен,2024-03-19
245,Ия Кирилловна Киселева,sofija1998@rao.ru,,г. Балашиха,2025-10-21
252,Чернов Мокей Тихонович,,,к. Цимлянск,2024-04-17
258,Артемьева Акулина Робертовна,borisovdenis@gmail.com,,клх Салехард,2025-07-15
259,Белова Маргарита Геннадьевна,kiselevvseslav@hotmail.com,,ст. Одинцово,2025-03-09
268,Гущина Жанна Александровна,,,д. Туапсе,2025-06-14
270,Евпраксия Афанасьевна Турова,ustinovapollon@yahoo.com,,ст. Кимры,2025-08-31
273,Дьячкова Вероника Натановна,efremovkonon@ip.ru,,п. Плес,2025-05-22
274,Власов Варфоломей Елисеевич,lev_93@zao.info,,с. Воткинск,2025-08-01
276,Якушева Вера Ильинична,amos_1992@hotmail.com,,п. Новороссийск,2025-04-05
277,Казимир Устинович Маслов,andron1972@zao.org,,к. Морозовск,2025-08-06
282,Моисеева Таисия Андреевна,kirillovarkadi@a-ol.info,,д. Рославль,2023-10-01
289,Голубев Сергей Егорович,jsitnikova@yandex.ru,,клх Углич,2024-06-05
290,Фролова Иванна Оскаровна,kondratibaranov@rambler.ru,,п. Сусуман,2023-07-09
304,Киселева Анжела Мироновна,florentin2025@gmail.com,,,2023-12-31
325,Софон Еремеевич Чернов,birjukovljubosmisl@rambler.ru,,п. Тырныауз,2025-06-15
328,Вячеслав Аксёнович Зимин,filipp1988@oao.biz,,ст. Волгоград,2024-04-13
331,Иванов Варлаам Тихонович,rfomichev@promsvjazbank.biz,,клх Минусинск,2024-12-30
334,Антонина Олеговна Соловьева,qisakov@npo.com,,клх Рославль,2024-07-28
339,Глафира Натановна Миронова,narkis_53@mail.ru,,с. Моздок,2024-09-23
348,Горбунов Радим Гертрудович,karl07@rambler.ru,,клх Нефтекамск,2023-11-23
354,Кононов Никон Харламович,kirill53@mail.ru,,г. Катав-Ивановск,2025-01-04
356,Зиновьева Нинель Федоровна,evgraf92@rambler.ru,,ст. Крымск,2025-02-10
361,Горшков Устин Изотович,uljana_14@ooo.org,,п. Темрюк,2023-11-04
366,Зинаида Вячеславовна Симонова,maslovboleslav@gmail.com,,п. Приозерск,2024-03-28
367,Третьякова Анжела Григорьевна,ibolshakova@yahoo.com,,к. Адыгейск,2023-07-21
372,Елизавета Болеславовна Фомичева,uljana2015@rti.org,,д. Терней,2026-05-16
379,Федот Терентьевич Сысоев,ddementeva@rambler.ru,,к. Яхрома,2025-05-06
385,Комиссаров Кирилл Измаилович,varfolome_20@npo.info,,к. Канск,2025-01-10
386,Белоусова Вероника Болеславовна,anikitakuznetsov@yahoo.com,,п. Качканар,2026-01-10
387,Алина Рубеновна Романова,anatoli_1977@gmail.com,,ст. Якутск,2025-10-04
396,Валерия Рубеновна Логинова,nikolaevazari@hotmail.com,,с. Ржев,2024-08-26
402,Гедеон Евстигнеевич Васильев,spartak_2003@ip.info,,г. Осташков,2026-02-08
403,Изяслав Ильясович Савин,,,ст. Благовещенск (Амур.),2024-06-15
404,Дмитрий Егорович Чернов,galaktion1994@ao.info,,с. Талдом,2024-07-04
408,Рубен Ефимьевич Лазарев,samolovatatjana@mail.ru,,клх Кандалакша,2023-11-21
418,Комаров Егор Валентинович,jaropolk_91@yandex.ru,,п. Глазов,2026-02-11
420,Элеонора Тарасовна Сергеева,evlasova@ao.net,,ст. Владимир,2023-09-10
421,Регина Феликсовна Морозова,koshelevjuvenali@yahoo.com,,с. Кропоткин (Краснод.),2025-01-30
424,Полякова Алина Семеновна,ytretjakov@rambler.ru,,клх Ржев,2024-10-03
428,Туров Моисей Ильясович,bikovalarisa@ooo.edu,,ст. Сусуман,2023-07-28
456,Аполлон Иларионович Кононов,bobilevmitofan@velesstro.edu,,д. Белогорск (Амур.),2026-04-11
460,Анисим Георгиевич Трофимов,oksana2021@gmail.com,,с. Дно,2025-05-20
462,Колобов Ладислав Демидович,nifont1973@chernov.info,,п. Петропавловск-Камчатский,2025-03-31
468,Абрамов Чеслав Валерьевич,rusakovataisija@natsionalnaja.org,,к. Новый Уренгой,2025-11-12
471,Антонина Федоровна Жукова,vladislavsokolov@mail.ru,,п. Истра,2025-02-25
475,Акулина Яковлевна Панфилова,ivanovaoktjabrina@pochta.ru,,д. Бавлы,2024-01-03
481,Панфил Борисович Фокин,larionovfortunat@yandex.ru,,п. Астрахань,2025-02-21
482,Федор Эдгарович Лобанов,valerjan55@hotmail.com,,г. Кировск (Мурм.),2026-01-26
484,Фомичева Фёкла Игоревна,,,г. Шамары,2026-05-02
487,Ефрем Ефимьевич Абрамов,fsharov@anisimova.net,,к. Нижний Новгород,2026-02-14
498,Ангелина Семеновна Жданова,tsoloveva@sovkomflot.net,,к. Красновишерск,2026-03-19
519,Голубев Селиверст Ерофеевич,rodionovratibor@mail.ru,,г. Ирбит,2026-02-26
521,Клавдия Семеновна Суханова,ljudmila1989@yahoo.com,,п. Тобольск,2023-08-13
523,  ivan IVANOV ,kirillovkapiton@ao.ru,,п. Нальчик,2024-05-15
531,Галина Сергеевна Рябова,lev_1986@ip.edu,,к. Северодвинск,2025-01-11
538,Стрелкова Ульяна Валентиновна,konstantinovfoma@npo.info,,п. Южноуральск,2023-09-04
551,Вера Викторовна Щукина,vladimirovefrem@gmail.com,,г. Верхнее Пенжино,2023-12-13
552,  ivan IVANOV ,osip1973@ooo.biz,,с. Сусуман,2026-04-11
553,Василий Гурьевич Никонов,konstantinovanaina@oao.biz,,к. Обоянь,2023-06-10
557,Осипова Мария Владимировна,kornilovsilvestr@rambler.ru,,п. Шадринск,2024-04-03
558,Вадим Ильич Сазонов,georgi2014@ooo.edu,,г. Усть-Калманка,2023-06-12
567,Будимир Елизарович Вишняков,kudrjashovsidor@rao.info,,ст. Устюжна,2023-06-10
574,Савельева Алла Макаровна,borisovgalaktion@ao.com,,п. Каневская,2025-06-20
578,Виссарион Витальевич Иванов,nalekseev@ershova.com,,к. Нарьян-Мар,2023-10-22
582,Светлана Яковлевна Кабанова,ermola86@ooo.info,,д. Гатчина,2023-06-08
585,Устинова Алла Петровна,matveevevdokim@hotmail.com,,п. Тикси,2025-10-13
586,  ivan IVANOV ,gerasim2017@rambler.ru,,клх Сунтар,2026-05-16
592,Князева Любовь Ждановна,fedotovmilen@mail.ru,,г. Ельня,2024-07-05
593,тов. Лапина Таисия Архиповна,vsemilsharov@mail.ru,,клх Курильск,2025-07-05
596,Марфа Юльевна Денисова,ljubosmisl_05@npo.ru,,д. Александров,2026-01-12
599,Марфа Федоровна Емельянова,izmailvladimirov@mail.ru,,г. Люберцы,2025-08-05
603,Феоктист Игнатьевич Кудряшов,beljakovkondrat@slavneft.biz,,к. Ярославль,2026-04-23
608,Беляков Чеслав Архипович,feofan_52@gmail.com,,п. Витим,2023-12-10
616,Аникей Ермилович Сергеев,borislav98@mail.ru,,п. Котельнич,2025-12-07
617,Анна Филипповна Ефимова,safonovipati@oao.ru,,к. Батайск,2026-01-15
618,Мирослав Трофимович Ефремов,mir1989@rambler.ru,,клх Белый Яр (Томск.),2023-07-10
619,Зиновий Ааронович Матвеев,zhdanovlazar@yandex.ru,,г. Анадырь,2025-07-10
623,Горбунов Глеб Ааронович,florentin_2005@gmail.com,,клх Середниково,2024-03-23
628,Маслов Спиридон Марсович,sofija_2018@yandex.ru,,г. Диксон,2025-02-06
629,Фаина Ильинична Коновалова,bespalovaeleonora@ao.edu,,п. Шали,2025-01-02
630,Регина Святославовна Субботина,vladislav1999@npo.edu,,с. Нарьян-Мар,2024-06-19
632,Елена Кирилловна Федосеева,loginovaija@ao.ru,,с. Новороссийка,2024-01-05
640,Никифор Артёмович Стрелков,jaropolk1972@zao.info,,к. Хужир,2025-09-17
641,Фаина Болеславовна Пахомова,isakovkliment@zao.com,,,2024-11-22
643,Фирс Аверьянович Агафонов,ignatiromanov@gmail.com,,ст. Биробиджан,2024-02-17
649,Агафья Олеговна Кабанова,shilovcheslav@mail.ru,,к. Приозерск,2023-11-28
650,Владилен Арсенович Виноградов,nikolaevolimpi@lanit.edu,,к. Апшеронск,2023-11-05
653,Октябрина Степановна Силина,julian_29@mironov.ru,,ст. Беломорск,32.13.2024
654,Щербакова Светлана Рубеновна,noskovvisheslav@yahoo.com,,п. Темрюк,32.13.2024
664,Мартьян Антонович Колобов,valentin22@rao.info,,ст. Хужир,2025-07-05
670,Эмилия Ждановна Громова,qkononova@yahoo.com,,к. Яр-Сале,2025-09-18
671,Иванов Бажен Абрамович,ipati_2016@hotmail.com,,г. Гаврилов-Ям,2025-02-02
674,Дмитрий Филатович Степанов,mefodi1990@hotmail.com,,к. Обоянь,2024-04-01
690,Некрасов Ладимир Ильясович,dementevljubomir@ip.edu,,клх Кызыл,2024-11-24
698,Сократ Владиславович Мельников,mishinignati@general.edu,,п. Качканар,32.13.2024
4,Савельева Юлия Кузьминична,odintsovgerman@ignatev.biz,,п. Воскресенск,2025-03-28
7,Гедеон Феофанович Андреев,belovemmanuil@hotmail.com,,п. Руза,2023-06-08
9,София Константиновна Полякова,lavrnekrasov@yahoo.com,,с. Петушки,2024-12-16
11,Зыкова Глафира Геннадиевна,silagushchin@mail.ru,,клх Печора,2025-08-20
-1,Unknown,,,Unknown,
