customer_id,full_name,email,phone,city,created_at
1,Мишин Емельян Валерьевич,mechislav_37@hotmail.com,UNKNOWN,п. Печора,2024-05-31
2,Егоров Тихон Федосеевич,serafim_1986@gmail.com,UNKNOWN,п. Мостовской,2024-07-21
3,Зыков Вацлав Алексеевич,fharitonova@gmail.com,9749621470,ст. Луга,2024-06-15
4,Савельева Юлия Кузьминична,odintsovgerman@ignatev.biz,,п. Воскресенск,2025-03-28
5,София Тимофеевна Михеева,selivan_1979@ao.ru,9206468299,г. Уренгой,2026-01-17
6,Варвара Степановна Шилова,aksenovkazimir@rao.biz,9298471886,п. Карпинск,2025-06-15
7,Гедеон Феофанович Андреев,belovemmanuil@hotmail.com,,п. Руза,2023-06-08
8,Орехова Ангелина Дмитриевна,nonna_92@hotmail.com,+79993631208,клх Красная Поляна,2025-03-05
9,София Константиновна Полякова,lavrnekrasov@yahoo.com,,с. Петушки,2024-12-16
10,Евдокия Аркадьевна Ларионова,elise1970@gmail.com,9282116655,г. Бийск,2025-09-21
11,Зыкова Глафира Геннадиевна,silagushchin@mail.ru,,клх Печора,2025-08-20
12,Геннадий Матвеевич Цветков,,+79413140753,п. Борзя,2024-09-09
13,Мирослав Гертрудович Виноградов,,9119778234,г. Чита,2023-08-26
14,г-н Волков Фирс Алексеевич,artem1973@ooo.ru,9320452650,ст. Верхний Тагил,2024-04-12
15,Прокофий Владиленович Уваров,solovevfrol@rambler.ru,9348059918,ст. Южно-Курильск,2023-11-12
16,Марфа Вячеславовна Павлова,leonti1997@yahoo.com,8 (972) 180-20-72,с. Яшкуль,2023-07-28
17,Сазонов Ипат Адамович,kirill_2014@evdokimov.edu,8 (921) 371-77-87,с. Кемерово,2026-02-17
18,Жданова Екатерина Александровна,sazonovharlampi@zao.edu,9965953266,,2026-03-05
19,Руслан Антонович Попов,fedoseevsilanti@mjasnikova.biz,+79594768704,д. Стрежевой,2026-03-06
20,Королева Олимпиада Владимировна,igormamontov@mail.ru,UNKNOWN,п. Касимов,2024-05-26
21,Авдеев Ермолай Аверьянович,kovalevairaida@arhipov.info,,клх Хасан,2024-10-05
22,Шарапов Фрол Ааронович,sisoevgennadi@yahoo.com,8 (986) 769-92-22,п. Ессентуки,2024-05-04
23,Валерия Афанасьевна Беспалова,ladislav_2007@kirillov.net,UNKNOWN,клх Саратов,2024-12-08
24,Носкова Нонна Петровна,apollinari24@mail.ru,,г. Усть-Кулом,2026-04-07
25,Трофимов Максим Игнатьевич,januari_2015@aviakompanija.biz,,клх Невьянск,2026-03-04
26,Фортунат Гавриилович Гордеев,askoldlitkin@yahoo.com,UNKNOWN,г. Верхнее Пенжино,2025-09-03
27,Сорокин Автоном Давыдович,uljanbikov@yahoo.com,UNKNOWN,к. Нефтекамск,2025-09-01
28,Быков Ульян Филиппович,viktorin78@hotmail.com,8 (908) 709-18-96,ст. Уренгой,2024-12-01
29,Комиссарова Варвара Рудольфовна,anikeisaev@yandex.ru,9626713347,клх Алексин,2023-09-08
30,Наталья Ждановна Тарасова,oktjabrina_84@rambler.ru,,клх Санкт-Петербург,2025-11-15
31,Боброва Светлана Николаевна,lavrmartinov@ip.org,8 (912) 175-78-37,к. Пермь,2024-07-23
32,Рогов Никанор Венедиктович,anzhela_1976@teterina.com,UNKNOWN,д. Оленегорск (Якут.),2023-08-01
33,Рюрик Бенедиктович Борисов,fekla_1996@gmail.com,9123940587,п. Каменск-Уральский,2025-06-23
34,Януарий Игнатович Русаков,loginovfeliks@yahoo.com,+79770530217,ст. Онега,2025-08-10
35,Эрнст Филиппович Игнатов,kkapustin@gmail.com,,клх Ноябрьск,2024-08-07
36,Устин Егорович Сафонов,,9948228268,к. Санкт-Петербург,2023-09-29
37,Тимофеева Ульяна Степановна,evdokimovaanastasija@yandex.ru,9391541578,к. Шелехов,2025-07-06
38,Фомин Сильвестр Афанасьевич,vitali2015@yahoo.com,8 (985) 205-55-81,клх Сорочинск,2024-09-17
39,Тихон Тихонович Романов,pgorbacheva@rambler.ru,8 (922) 522-13-32,п. Златоуст,2024-01-28
40,Абрамов Кирилл Григорьевич,vsevolodkalashnikov@rambler.ru,9921907485,с. Новый Уренгой,2025-12-11
41,Таисия Геннадиевна Котова,kornilovmodest@antonov.info,9207371533,клх Сладково,2024-05-11
42,Марина Валериевна Журавлева,anisim1994@npo.net,9029635852,с. Сальск,2024-12-11
43,Борислав Харлампьевич Евдокимов,dkudrjavtsev@mail.ru,8 (955) 453-50-65,к. Ачхой Мартан,2023-05-26
44,Александр Ефремович Сафонов,velimir_94@mosmetrostro.ru,9737507241,с. Калининград,2024-09-03
45,Клавдий Дмитриевич Калашников,kabanovvadim@ao.ru,,к. Сунтар,2024-01-03
46,Ефрем Федосьевич Бирюков,shirjaevmark@rambler.ru,8 (937) 667-26-34,к. Нефтеюганск,2024-05-27
47,Иосиф Глебович Мамонтов,tverdislav1979@mail.ru,9308071259,к. Каспийск,2025-10-23
48,Олимпиада Геннадьевна Гаврилова,evdokimtsvetkov@egorova.com,+79474765466,с. Тотьма,2025-11-12
49,Лукия Александровна Красильникова,lmelnikova@yahoo.com,8 (981) 734-52-21,к. Александровск-Сахалинский,2025-09-14
50,Мишина Антонина Макаровна,ivanna25@gmail.com,,к. Соловки,2023-09-23
51,Евдокимова Раиса Руслановна,nikonovamarfa@gmail.com,,"к. Москва, МГУ",2024-07-12
52,Емельянов Симон Виленович,dkudrjavtseva@ooo.edu,,с. Казань,2025-06-25
53,Леонтий Игоревич Якушев,zinovevanani@hotmail.com,UNKNOWN,г. Губаха,2024-04-30
54,Рябова Милица Константиновна,ermola36@ooo.ru,UNKNOWN,с. Чикола,2025-02-04
55,Евдокимова Наталья Робертовна,fevronija1984@sistemni.edu,8 (935) 550-19-46,г. Тихвин,2026-03-06
56,Евгения Тимуровна Князева,rusakovparfen@yandex.ru,8 (988) 256-37-18,с. Саранск,2024-06-22
57,Петр Жоресович Брагин,kapitonvorobev@sds-ugol.edu,9919909014,г. Мостовской,2024-05-20
58,Самсонов Юлий Терентьевич,braginmaksim@zao.edu,+79418744974,клх Северо-Курильск,2023-07-01
59,Щукин Матвей Тимурович,amos_1991@glenkor.org,+79718197581,г. Чебаркуль,2025-02-16
60,Ольга Кузьминична Голубева,leonid64@gmail.com,9690147183,к. Малая Вишера,2025-07-27
61,Рыбакова Евдокия Матвеевна,rjurikovchinnikov@hotmail.com,+79227268503,д. Аргаяш,2025-08-15
62,Ефимов Савва Гурьевич,,+79804258674,клх Норильск,2024-05-05
63,Силина Октябрина Матвеевна,selivanermakov@mail.ru,,с. Шелагонцы,2026-04-11
64,Клавдия Никифоровна Самойлова,ktretjakova@ao.info,9803079055,г. Комсомольск-на-Амуре,2025-10-07
65,Кулакова Эмилия Александровна,modest2009@gmail.com,8 (939) 689-96-58,д. Теберда,2024-07-18
66,Горбунов Ипполит Бенедиктович,blohinafevronija@zao.info,9864929067,клх Хасавюрт,2023-06-09
67,Роман Дмитриевич Якушев,kapiton28@kordiant.edu,,клх Ирбит,32.13.2024
68,Юрий Захарьевич Мартынов,chernovanadezhda@zao.info,UNKNOWN,к. Бодайбо,2024-02-28
69,Оксана Вадимовна Фомина,galkinkliment@simonov.info,,д. Кажим,2025-04-27
70,Герман Викторович Гусев,germankabanov@zao.com,8 (972) 724-95-58,п. Кыштым,32.13.2024
71,  ivan IVANOV ,jakub2021@rao.net,+79277403790,ст. Тамбов,2023-08-24
72,Ангелина Афанасьевна Павлова,zabramov@yandex.ru,+79436398872,ст. Вуктыл,2025-06-04
73,Лапина Зинаида Анатольевна,oabramova@oao.ru,UNKNOWN,к. Енисейск,2025-02-24
74,Станимир Феликсович Брагин,kuznetsovalora@mail.ru,UNKNOWN,ст. Игнашино,2024-06-15
75,Измаил Аксёнович Устинов,aleksandrovaviktorija@yandex.ru,9296889215,д. Салават,2024-03-15
76,Воробьева Евпраксия Архиповна,vorobevgalaktion@oao.edu,+79894027897,клх Беломорск,2024-09-01
77,Иван Еремеевич Потапов,,9932503106,с. Волгодонск,2025-12-31
78,Марфа Константиновна Лаврентьева,spartak19@yandex.ru,+79472949775,г. Тихорецк,2024-01-27
79,Фомичев Митофан Матвеевич,tatjana03@yandex.ru,,к. Оймякон,2023-09-17
80,Прасковья Станиславовна Рябова,marfa_1993@rao.info,,ст. Североуральск,2026-04-13
81,Пономарева Валентина Олеговна,stepanovajulija@aksenov.ru,8 (907) 724-22-36,г. Ведено,2025-02-12
82,Светлана Леонидовна Беляева,terentevmefodi@rao.org,9637599912,с. Долинск,2024-06-03
83,Кудряшов Кузьма Юльевич,gromovamaja@zao.org,8 (909) 803-39-43,клх Змеиногорск,2024-11-04
84,Антонова Галина Борисовна,uosipova@yahoo.com,UNKNOWN,п. Надым,2024-11-28
85,Чеслав Демидович Рыбаков,ekononov@rambler.ru,UNKNOWN,п. Певек,2024-10-29
86,Всеслав Иосифович Кондратьев,milan_1978@ooo.org,UNKNOWN,клх Бавлы,2026-02-03
87,Майя Юльевна Горшкова,petrovvarfolome@npo.edu,,г. Терскол,2023-06-29
88,Коновалова Прасковья Макаровна,burovsimon@oao.com,+79194872482,с. Губкин,2026-02-06
89,тов. Миронов Евграф Ефимович,makarovefim@yandex.ru,,д. Петухово,2026-02-18
90,Молчанов Милий Данилович,spiridon_1973@gmail.com,,с. Каменск-Шахтинский,2023-12-04
91,Пестов Гурий Валерьянович,avksenti2010@detski.info,9474637858,д. Салехард,2025-12-20
92,Журавлева Фаина Борисовна,rusakovjan@hotmail.com,+79749740261,с. Минусинск,2025-09-15
93,Беляева Агата Петровна,kapustinavera@gmail.com,9126128312,п. Александровск-Сахалинский,2023-09-27
94,Сила Арсеньевич Воронов,rkulakov@ip.ru,UNKNOWN,ст. Красноуфимск,2026-04-05
95,Фадеева Вероника Валериевна,osip1980@gmail.com,UNKNOWN,д. Вязьма,2024-05-04
96,Мария Игоревна Архипова,sokrat_52@npo.biz,UNKNOWN,к. Асино,2024-04-06
97,Кира Аркадьевна Трофимова,denis2006@softline.com,8 (970) 881-79-58,ст. Каргасок,2025-05-17
98,Ульяна Константиновна Одинцова,mamontovippolit@yahoo.com,8 (999) 520-15-50,г. Курск,2025-08-27
99,Полякова Ия Георгиевна,hpanov@yandex.ru,,,2025-08-29
100,Евдокимов Владислав Евстигнеевич,sigizmund1996@ao.biz,,к. Соль-Илецк,2026-01-04
101,Анатолий Эдуардович Шашков,apollon_70@yandex.ru,,г. Новомосковск,2026-02-24
102,Дроздов Валерий Егорович,faina_2025@ip.com,,клх Обнинск,2024-08-21
103,Мирослав Валерьевич Марков,,+79816440738,с. Томари,2023-10-12
104,Вышеслав Геннадиевич Нестеров,valerija2017@yahoo.com,+79402482554,г. Киренск,2025-05-08
105,Ксения Мироновна Кабанова,gmartinova@yandex.ru,,п. Сковородино,2024-12-27
106,Кабанова Ия Феликсовна,komarovavarvara@npo.org,9169625036,клх Курильск,2025-02-20
107,Авдеева Клавдия Юльевна,dementi1997@gmail.com,,ст. Азов (Рост.),2023-11-09
108,Калинин Константин Эдгарович,ivan65@nezavisimaja.net,+79617199615,клх Иваново,2025-01-03
109,Кузьмина Лукия Сергеевна,nikandrvolkov@hotmail.com,9651831074,к. Щельяюр,2023-05-26
110,Никифорова Лидия Наумовна,,,п. Томари,2025-07-19
111,Фаина Антоновна Фомина,pgorbacheva@gmail.com,UNKNOWN,д. Тулун,2023-12-10
112,Викентий Ефимович Жуков,bronislav87@yandex.ru,9275919523,ст. Фатеж,2024-12-01
113,Калашников Эмиль Авдеевич,fedosi_02@npo.com,,г. Находка,2024-01-17
114,Егорова Вероника Алексеевна,kapustinparfen@mail.ru,9014945047,п. Териберка,2025-12-03
115,Савельев Никита Григорьевич,lazargorbachev@ip.ru,9251064359,г. Буденновск,2025-03-17
116,Блохина Марфа Васильевна,sidor1990@ip.org,+79237691219,п. Иркутск,2025-03-05
117,Клавдия Натановна Устинова,shilovalukija@rao.com,UNKNOWN,к. Красноуральск,2024-07-03
118,Кириллова Пелагея Наумовна,fedotovilarion@ao.org,9106323670,ст. Ардон,2023-11-11
119,Зосима Федосеевич Матвеев,kapiton_48@yandex.ru,9918532650,д. Диксон,2025-06-21
120,Тамара Наумовна Тимофеева,milen1989@mail.ru,+79296225446,д. Камень-на-Оби,2025-03-16
121,Нинель Романовна Якушева,taras1997@rambler.ru,8 (916) 905-82-36,клх Новая Игирма,2024-11-28
122,Сафонов Анатолий Богданович,foma75@bikov.info,+79158435089,ст. Мостовской,2026-01-19
123,Максим Даниилович Стрелков,gorshkovviktorin@yandex.ru,+79384659715,к. Тверь,2025-12-10
124,Филатова Кира Львовна,birjukovpantelemon@hotmail.com,+79511365210,клх Бреды,2026-04-08
125,Горшкова Евпраксия Мироновна,pankrat1974@rambler.ru,,ст. Холмогоры,2025-06-21
126,Владимир Аверьянович Родионов,ignati_02@rambler.ru,9965580338,г. Диксон,2025-10-10
127,Рюрик Исидорович Алексеев,agafon05@minudobrenija.net,+79628530544,ст. Южноуральск,2024-06-03
128,Козлова Наина Тарасовна,beljaevprokl@ip.org,,ст. Кяхта,2025-12-12
129,Давыд Бориславович Кулагин,kozlovsilanti@zao.biz,,д. Крымск,2025-09-25
130,Иван Венедиктович Горбунов,ermakovavarvara@td.ru,UNKNOWN,клх Звенигород,2024-01-14
131,Беляева Оксана Семеновна,gordeevaevdokija@rambler.ru,+79603102938,с. Нарьян-Мар,2025-06-20
132,Зиновьев Август Ярославович,sokrat1975@kuzmin.net,+79644685429,г. Котельнич,2024-07-25
133,Гришин Аполлон Елизарович,fokafomichev@gmail.com,UNKNOWN,д. Быково (метеост.),2023-06-22
134,Аникита Геннадиевич Соколов,ermola_2018@mail.ru,9890626742,д. Саранск,2026-01-24
135,Прохор Жоресович Овчинников,darja_70@npo.org,+79376908532,с. Сарапул,2025-10-09
136,Пелагея Станиславовна Александрова,samson2025@yahoo.com,UNKNOWN,г. Якша,2024-07-28
137,Куликов Матвей Терентьевич,alla_79@ip.biz,,д. Гремячинск (Бурят.),2025-03-24
138,Максимильян Филимонович Сидоров,sofon2009@hotmail.com,,с. Гремячинск (Бурят.),2023-07-24
139,Лора Ильинична Голубева,gusevaelizaveta@rao.net,8 (905) 325-60-86,г. Верещагино (Перм.),32.13.2024
140,Гаврилова Регина Яковлевна,kornil_32@bank.net,8 (941) 222-10-73,с. Чулым,2025-05-08
141,Викторин Елисеевич Якушев,,+79894807263,г. Верхний Тагил,2023-08-22
142,Вишнякова Алла Матвеевна,ilarionershov@oao.ru,8 (954) 687-61-91,п. Асино,2025-09-09
143,Доброслав Бенедиктович Петухов,prohorjakushev@yahoo.com,,п. Томари,2024-09-25
144,Таисия Филипповна Кузьмина,dbikov@evon.info,UNKNOWN,с. Воскресенск,2025-10-02
145,Лидия Ниловна Пономарева,kovalevajulija@rambler.ru,8 (999) 457-54-92,с. Березники,2026-04-12
146,Баранова Антонина Эдуардовна,ribakovvalentin@npo.net,UNKNOWN,д. Батайск,2026-01-24
147,Викентий Игнатьевич Смирнов,andreevapraskovja@ooo.info,+79992303073,ст. Поронайск,2026-03-20
148,Регина Львовна Голубева,viktorin_2008@rambler.ru,+79677944609,д. Каргополь,2025-08-13
149,Лукьян Борисович Исаков,kasjan_28@nordgold.biz,+79893027458,г. Туруханск,2024-03-30
150,Влас Харитонович Пахомов,psavina@rambler.ru,+79869533218,к. Егорьевск,2023-10-28
151,Иван Денисович Богданов,milan2004@yandex.ru,,к. Тымовское,2023-09-27
152,Сидорова Дарья Рубеновна,pestovkallistrat@yandex.ru,9415985367,с. Старая Русса,2026-04-23
153,Одинцова Агата Олеговна,filatovstojan@yahoo.com,8 (971) 794-59-46,клх Шатой,2024-09-28
154,Зыкова Анастасия Захаровна,petrsharapov@semenova.net,+79625711790,ст. Иркутск,2026-05-11
155,Соловьева София Мироновна,moise46@ooo.info,UNKNOWN,клх Адлер,2025-10-29
156,Муравьева Лукия Федоровна,anatoli_63@zao.org,,п. Ханты-Мансийск,2026-04-27
157,Людмила Олеговна Копылова,ladimirdoronin@hotmail.com,+79147709679,д. Поронайск,2024-10-05
158,Фадей Германович Ильин,alekseevgeorgi@npo.org,UNKNOWN,п. Октябрьское (Хант.),2024-10-16
159,Регина Владимировна Борисова,vsemil96@mail.ru,9391163514,п. Поярково,2024-07-01
160,Мартынова Дарья Альбертовна,naum_72@ip.edu,8 (957) 339-78-40,д. Камышин,2024-02-15
161,Фаина Альбертовна Мамонтова,evstafi1982@ao.ru,UNKNOWN,ст. Норильск,2023-11-16
162,Прокофий Эдгардович Носков,ljubim2001@ao.edu,+79268438908,д. Арзамас,2023-10-22
163,Сидорова Агафья Юльевна,upetrov@rambler.ru,,с. Губаха,2023-07-22
164,Владимиров Тихон Геннадиевич,nikandr1993@yahoo.com,8 (903) 524-16-60,,2025-08-12
165,Кондратьев Лука Борисович,braginvarlaam@rambler.ru,,г. Дивногорск,2026-04-29
166,Владимир Викентьевич Данилов,ipat_77@gureva.ru,8 (997) 822-70-67,г. Стерлитамак,32.13.2024
167,Баранов Кир Венедиктович,,,д. Верещагино (Перм.),2023-10-19
168,Фортунат Терентьевич Денисов,fedoseevnifont@mail.ru,8 (958) 164-24-73,клх Петрозаводск,2023-11-18
169,Лукин Прокофий Юльевич,leonti_1986@npo.org,9447286055,к. Октябрьское (Челяб.),2025-06-12
170,Алевтина Натановна Ермакова,maslovtit@rao.biz,9021833792,д. Малгобек,2024-11-14
171,Пономарев Бажен Артемьевич,aristarh25@mail.ru,9258906986,клх Кизилюрт,2026-01-09
172,Архипов Аггей Игнатьевич,kirill85@hotmail.com,8 (969) 446-92-32,д. Нижневартовск,2026-01-07
173,Матвей Алексеевич Игнатьев,jakushevmarian@zhukov.info,9315081566,с. Старый Оскол,2026-04-10
174,Регина Эдуардовна Архипова,lidija_88@ooo.com,+79553388913,д. Воркута,2024-08-26
175,Зыков Иннокентий Игнатьевич,pankrati_96@oao.ru,9955078872,с. Аргаяш,2025-10-22
176,Валентина Егоровна Николаева,moiseevstojan@yandex.ru,UNKNOWN,к. Чебаркуль,2024-07-15
177,Филарет Ермолаевич Фадеев,qmaksimova@npo.info,,с. Верещагино (Перм.),2025-05-28
178,Кузнецов Матвей Афанасьевич,afanasevaekaterina@yandex.ru,+79476642996,к. Кемерово,2024-11-06
179,Кулагин Эммануил Егорович,agapmamontov@oao.info,,ст. Добрянка,2025-03-18
180,Макар Глебович Федосеев,valerjantrofimov@hotmail.com,,с. Чусовой,2023-09-10
181,Ирина Архиповна Власова,sharovratmir@reno.com,8 (956) 881-19-83,п. Смоленск,2024-10-14
182,Устин Игнатьевич Титов,vkrilov@hotmail.com,,п. Орел,2025-06-26
183,Каллистрат Венедиктович Королев,evdokimfokin@mail.ru,,п. Миасс,2025-10-20
184,Юлий Александрович Крылов,alla_68@yahoo.com,9373045064,п. Ейск,2024-06-21
185,Тимофеев Феофан Елисеевич,dorlov@yandex.ru,8 (990) 817-91-32,ст. Дно,2026-03-22
186,Ираклий Васильевич Ефремов,fokinazhanna@ip.biz,+79530452018,п. Югорск,2024-06-20
187,Филатова Олимпиада Афанасьевна,gavrilovasinklitikija@novartis.ru,9441087900,клх Тутаев,2024-05-12
188,Кузьмина Таисия Кузьминична,savelisorokin@gmail.com,8 (959) 796-76-54,г. Кыштым,2023-08-17
189,Надежда Ниловна Соболева,savelevjan@ao.org,8 (955) 614-17-25,к. Железногорск(Курск.),2024-07-01
190,Шашкова Анжелика Кузьминична,mokeershov@hotmail.com,9210777576,ст. Ершов,2024-06-14
191,Иванова Анна Вениаминовна,zuevaljudmila@gmail.com,UNKNOWN,ст. Южноуральск,2025-12-26
192,Афанасьев Савва Тимурович,natannikitin@mail.ru,8 (972) 142-13-20,ст. Каменск-Шахтинский,2024-10-17
193,Ия Кузьминична Веселова,margarita_1986@yahoo.com,,с. Сибай,2025-06-29
194,Александра Натановна Тихонова,shirjaevostromir@yahoo.com,,с. Пушкинские Горы,2023-07-13
195,Данилов Селиверст Артемьевич,kulakovstojan@mail.ru,9428118701,к. Соль-Илецк,2026-03-31
196,Конон Терентьевич Селезнев,mitofan_1982@ao.ru,,с. Коломна,2024-09-27
197,Константинова Тамара Павловна,emmanuilzhukov@yahoo.com,UNKNOWN,г. Ангарск,2025-04-10
198,Дорофеев Лукьян Ермолаевич,izot2004@oao.ru,9422240582,ст. Суздаль,2024-08-31
199,  ivan IVANOV ,strelkovdobroslav@oao.edu,8 (963) 711-93-96,г. Туруханск,2023-10-29
200,Агата Богдановна Пестова,bolshakovvissarion@mail.ru,UNKNOWN,к. Томпа,2023-06-24
201,Гремислав Игнатович Прохоров,bespalovmechislav@sidorova.com,+79414838889,ст. Брянск,2025-08-03
202,Комиссарова Наталья Даниловна,,+79853514394,д. Ейск,2026-01-02
203,Антонов Никандр Валерьянович,demjan2018@rambler.ru,9650967273,клх Дзержинск,2023-07-09
204,Вероника Афанасьевна Иванова,milenveselov@rosteh.info,UNKNOWN,клх Омск,2025-10-05
205,Кириллова Марина Григорьевна,milenshchukin@blinov.edu,+79875903641,с. Армавир,2025-08-13
206,Аггей Ааронович Ковалев,ljudmila_1981@rambler.ru,UNKNOWN,д. Кимры,2025-03-29
207,Лукина Любовь Геннадиевна,kozlovlavrenti@ao.info,,к. Буденновск,2025-04-24
208,Агафья Болеславовна Суханова,panfilsorokin@yahoo.com,+79162598077,ст. Сортавала,2024-12-29
209,Александра Алексеевна Филатова,fedoseevleonti@gmail.com,UNKNOWN,с. Миллерово,2023-07-07
210,Вадим Ефремович Пономарев,glafira_2000@yahoo.com,8 (986) 890-97-92,клх Ребриха,2025-01-23
211,Кондратий Владиленович Комаров,dementi_2006@yandex.ru,9741139461,к. Туапсе,2024-10-26
212,Олимпиада Святославовна Сысоева,lev2014@gmail.com,+79615766024,к. Санкт-Петербург,2026-01-05
213,Лапин Твердислав Ефстафьевич,valerjangorbachev@ooo.ru,9275354619,д. Нижний Новгород,2024-08-26
214,Потапов Ермил Демидович,simonovaevfrosinija@ooo.biz,UNKNOWN,к. Верхний Уфалей,2023-09-09
215,Януарий Адамович Селезнев,timur20@ip.org,UNKNOWN,ст. Карпинск,2023-07-13
216,Игорь Тихонович Емельянов,avdeevalora@rao.info,+79169587940,с. Игнашино,2024-03-05
217,Кира Тарасовна Веселова,dorofeevparfen@hotmail.com,8 (983) 687-39-78,п. Каменномостский,2024-02-27
218,Устин Феликсович Алексеев,kalashnikovanaina@yahoo.com,+79899371401,,2025-04-28
219,Сазонова Наталья Сергеевна,taisija_1976@krokus.info,8 (977) 209-52-46,д. Туапсе,2023-11-02
220,Викторин Феофанович Хохлов,varvara_40@startteh.edu,+79502533479,ст. Канск,2026-02-20
221,Сигизмунд Изотович Стрелков,pshubin@gmail.com,,клх Надым,2024-01-10
222,Артемьева Полина Руслановна,,,с. Бузулук,2025-12-29
223,Бирюков Дорофей Трофимович,fedorovairina@npo.org,8 (934) 437-48-84,д. Азов (Рост.),2025-12-27
224,Элеонора Наумовна Кондратьева,sharapovanani@rao.biz,9736665942,д. Поронайск,2025-10-30
225,Галкин Вадим Артемьевич,moiseevfoka@bss.org,UNKNOWN,с. Ирбит,2024-02-02
226,Аполлинарий Гаврилович Силин,egor_2016@ip.org,+79753703117,ст. Стерлитамак,2024-03-30
227,Савина Алла Вениаминовна,vladlenuvarov@zao.net,UNKNOWN,д. Приозерск,2024-09-07
228,Емельян Тарасович Аксенов,ermolagordeev@hotmail.com,UNKNOWN,к. Курганинск,2024-03-07
229,Комарова Нонна Павловна,gordeevmodest@yandex.ru,9490483627,к. Юрьевец (Иван.),2025-11-23
230,Панфилова Алина Георгиевна,anatoli_32@oao.edu,UNKNOWN,г. Поронайск,2023-06-30
231,Сысоев Куприян Федотович,emmanuil_1973@rao.edu,,д. Надым,2023-10-12
232,тов. Бирюков Харлампий Адамович,januaribolshakov@yahoo.com,9086167773,к. Саранск,2025-03-08
233,Лукия Олеговна Суворова,belozerovartemi@es.edu,UNKNOWN,с. Клин,32.13.2024
234,Харитонова Алла Оскаровна,artemi_95@rao.biz,+79407245006,п. Находка,2024-09-09
235,Фомичева Ольга Вячеславовна,ljubomir_87@yahoo.com,+79708881871,ст. Гдов,2026-03-22
236,Марина Валентиновна Котова,rgorshkova@gmail.com,9233291033,ст. Медногорск,2025-03-16
237,Януарий Бенедиктович Егоров,emeljanovlavr@rao.ru,8 (993) 689-50-83,клх Адыгейск,2023-09-25
238,Фомин Гордей Жоресович,jan89@zao.net,8 (928) 523-48-45,г. Яшалта,2025-12-31
239,Галактион Адамович Колобов,lsilina@rambler.ru,,с. Карпинск,2026-02-13
240,Зуев Афанасий Гертрудович,kuzminamvrosi@gmail.com,,д. Кырен,2024-03-19
241,Гордеева Лариса Антоновна,valerjanfomichev@rosbank.net,+79603857319,ст. Пятигорск,2025-08-03
242,Никифоров Афанасий Игоревич,nsisoev@yandex.ru,+79909602544,д. Амурск,2024-03-19
243,Харитон Федотович Фомин,vasilevanani@ip.org,+79817865301,п. Кош-Агач,2024-09-07
244,Зиновьев Сергей Ефимьевич,pankrati05@npo.info,UNKNOWN,к. Шерегеш,2024-12-19
245,Ия Кирилловна Киселева,sofija1998@rao.ru,,г. Балашиха,2025-10-21
246,Доронина Лидия Наумовна,pankrat1991@sitnikova.net,8 (960) 879-50-36,,2025-04-18
247,Пелагея Рубеновна Комиссарова,sofongavrilov@zao.net,8 (974) 693-63-47,к. Лысьва,2024-04-25
248,Тихонова Александра Станиславовна,juri_2012@mail.ru,9776914430,п. Кизляр,2024-11-23
249,Семенова Феврония Тимуровна,vasilevmoke@npo.edu,+79773430762,ст. Новая Игирма,2024-06-23
250,Семенов Станимир Давыдович,nifonttitov@gmail.com,+79717490982,клх Пушкино (Моск.),2024-01-14
251,Кир Гурьевич Сергеев,aleksandrovladislav@moskovski.org,+79489636644,,2025-11-07
252,Чернов Мокей Тихонович,,,к. Цимлянск,2024-04-17
253,Турова Иванна Кузьминична,dementi69@mail.ru,9159877461,с. Колпашево,2025-03-10
254,Измаил Ермолаевич Аксенов,ponomarevaagafja@gmail.com,+79426164289,к. Усть-Илимск,2025-07-13
255,Марфа Семеновна Кузьмина,mihe91@rao.info,+79921505800,д. Чулым,2023-06-08
256,Степанова Антонина Оскаровна,prokofi_85@yahoo.com,UNKNOWN,клх Октябрьское (Хант.),2026-03-20
257,Любовь Сергеевна Лаврентьева,naum24@peterburgski.ru,9510564546,г. Нижневартовск,2026-04-25
258,Артемьева Акулина Робертовна,borisovdenis@gmail.com,,клх Салехард,2025-07-15
259,Белова Маргарита Геннадьевна,kiselevvseslav@hotmail.com,,ст. Одинцово,2025-03-09
260,Артемьев Селиван Феофанович,kirillovzosima@rao.org,+79150270803,д. Майкоп,2023-06-27
261,Мясников Анатолий Ильясович,shcherbakovanaina@gmail.com,8 (978) 709-60-51,д. Выборг,2025-09-21
262,Козлов Владислав Эдгардович,nonna43@oao.ru,8 (955) 290-97-84,г. Псков,2025-12-20
263,Марк Гертрудович Комаров,sazonovsofron@hotmail.com,+79088087644,с. Лянтор,2024-03-09
264,Сергеев Любосмысл Ярославович,gmaslova@mail.ru,UNKNOWN,к. Нурлат,2025-07-26
265,Мария Сергеевна Лыткина,drozdovfeofan@vertoleti.edu,9640942859,п. Кыштым,2026-03-12
266,Максимов Ефрем Харлампович,feraponteliseev@ao.com,9614137833,к. Лодейное Поле,2026-02-11
267,Воронцова Ангелина Никифоровна,popovaviktorija@rambler.ru,9296311802,д. Казань,2023-10-23
268,Гущина Жанна Александровна,,,д. Туапсе,2025-06-14
269,Синклитикия Захаровна Никонова,zharitonov@rambler.ru,UNKNOWN,ст. Карабудахкент,2024-11-07
270,Евпраксия Афанасьевна Турова,ustinovapollon@yahoo.com,,ст. Кимры,2025-08-31
271,Анжелика Николаевна Елисеева,fomichevpavel@rambler.ru,8 (931) 433-58-45,с. Березники,2024-11-08
272,Шилов Лазарь Ярославович,agafon_1972@rambler.ru,9780839406,ст. Юрюзань,2026-04-19
273,Дьячкова Вероника Натановна,efremovkonon@ip.ru,,п. Плес,2025-05-22
274,Власов Варфоломей Елисеевич,lev_93@zao.info,,с. Воткинск,2025-08-01
275,Варвара Кирилловна Архипова,fade36@oao.com,9685240944,г. Шатой,2025-02-08
276,Якушева Вера Ильинична,amos_1992@hotmail.com,,п. Новороссийск,2025-04-05
277,Казимир Устинович Маслов,andron1972@zao.org,,к. Морозовск,2025-08-06
278,Раиса Вадимовна Юдина,ljudmila2008@zao.ru,+79729667145,г. Верхний Уфалей,2025-11-29
279,Пелагея Александровна Голубева,pankrat1985@hotmail.com,+79783993370,г. Буйнакск,2026-02-26
280,Васильев Всеволод Анатольевич,afinogen46@poljakov.com,+79748143863,к. Арзамас,2023-11-23
281,Артем Дорофеевич Герасимов,semen_2008@oao.info,8 (994) 349-76-32,п. Усть-Катав,2025-11-08
282,Моисеева Таисия Андреевна,kirillovarkadi@a-ol.info,,д. Рославль,2023-10-01
283,Николаева Прасковья Дмитриевна,evdokija94@zao.com,+79417509245,ст. Серафимович,2026-05-04
284,Маргарита Григорьевна Носкова,rodionovluchezar@ooo.edu,9491291025,д. Усмань,2024-02-03
285,Лихачева Элеонора Захаровна,parfen_1973@mostotrest.ru,9377940931,д. Азов (Рост.),2024-05-05
286,Нинель Семеновна Зайцева,kshirjaev@gmail.com,8 (910) 788-27-50,д. Новомосковск,2024-01-01
287,Анжела Никифоровна Мельникова,isa_69@ip.biz,8 (976) 241-83-59,клх Неплюевка,2025-04-02
288,Герасимова Виктория Оскаровна,kondrat1993@yahoo.com,+79525749126,п. Кострома,2024-01-31
289,Голубев Сергей Егорович,jsitnikova@yandex.ru,,клх Углич,2024-06-05
290,Фролова Иванна Оскаровна,kondratibaranov@rambler.ru,,п. Сусуман,2023-07-09
291,Игнатьев Симон Гаврилович,antonina_85@ip.biz,9121559383,п. Апрелевка,2024-01-05
292,Савин Добромысл Иосифович,potap40@gmail.com,8 (905) 878-66-79,к. Ревда (Сверд.),2024-02-05
293,Милица Дмитриевна Осипова,paramon17@oao.net,8 (957) 369-54-21,с. Кетченеры,2024-06-07
294,Аким Жоресович Орехов,julichernov@npo.net,8 (988) 459-88-90,к. Мурманск,2024-03-04
295,Уваров Исай Викторович,admitriev@npo.org,UNKNOWN,г. Цимлянск,2023-06-02
296,Гурьев Порфирий Гертрудович,andreevpetr@ooo.ru,8 (965) 795-22-27,г. Александровск-Сахалинский,2024-06-28
297,Ангелина Кирилловна Князева,simonlitkin@rambler.ru,9817626034,ст. Буйнакск,2023-08-21
298,Юдин Ефрем Федосьевич,gleb1974@messojahaneftegaz.biz,9432557724,п. Йошкар-Ола,2024-12-02
299,Олимпиада Валериевна Никифорова,potap71@oao.net,+79524033772,д. Шахты,2025-11-05
300,Соболева Элеонора Мироновна,evdokija_2010@yandex.ru,8 (927) 539-37-73,клх Джубга,2024-10-19
301,Носова Полина Натановна,,8 (943) 798-16-15,с. Шенкурск,2024-07-02
302,Зыкова Кира Ниловна,adrian97@zao.biz,9947198944,с. Ангарск,2025-11-04
303,Карл Афанасьевич Зиновьев,dorofe82@mail.ru,8 (932) 184-57-95,клх Бомнак,2024-01-15
304,Киселева Анжела Мироновна,florentin2025@gmail.com,,,2023-12-31
305,Мефодий Изотович Буров,uljan2014@hotmail.com,+79746891707,ст. Кинешма,2025-01-12
306,Кондрат Захарьевич Никитин,radovan62@zao.net,+79394666352,ст. Ямбург,2026-05-20
307,Маргарита Болеславовна Некрасова,afanasevaagafja@yandex.ru,8 (956) 459-37-90,д. Нефтекамск,2025-11-26
308,Олег Игоревич Нестеров,nadezhda_1973@oao.info,8 (917) 870-25-85,п. Дербент,2024-03-14
309,Трифон Ермилович Панов,dementevigor@gmail.com,+79692156071,д. Коломна,2025-11-18
310,Анжела Оскаровна Большакова,polina_1995@yahoo.com,8 (938) 310-76-87,п. Черкесск,2024-11-04
311,Марина Игоревна Горбачева,pankrat_2002@yandex.ru,9076248559,к. Долинск,2025-01-24
312,Нинель Филипповна Некрасова,agata_1971@oao.info,+79924291998,,2025-11-17
313,Емельян Витальевич Александров,prokl98@npo.edu,UNKNOWN,ст. Шахты,2025-08-22
314,Крюков Тихон Александрович,ernest52@gmail.com,+79454810443,п. Адлер,2025-07-24
315,Рябов Филимон Якубович,gushchinernest@oao.org,+79218181642,с. Павловская,2026-04-01
316,Рябов Константин Даниилович,fadeevsevastjan@rao.com,UNKNOWN,к. Ишим,2024-01-14
317,Прокл Васильевич Абрамов,seliverst_00@yahoo.com,9013598909,г. Темрюк,2025-02-12
318,Быкова Иванна Юрьевна,kolesnikovakim@ooo.ru,+79840725996,п. Руза,2023-06-22
319,Лидия Рудольфовна Гаврилова,ikotov@gmail.com,+79031521039,д. Пинега,2023-08-21
320,Гаврилов Творимир Адамович,baranovorest@yandex.ru,UNKNOWN,д. Рубцовск,2023-10-24
321,  ivan IVANOV ,,9047285340,к. Кажим,2023-10-25
322,Никифор Валерианович Прохоров,ilja68@yahoo.com,9862338680,п. Середниково,2023-08-05
323,Рогова Полина Максимовна,eduard2016@yandex.ru,8 (992) 427-44-19,к. Когалым,2024-03-01
324,Авдей Валерьевич Лазарев,viktorin_28@rambler.ru,UNKNOWN,клх Екатеринбург,2024-01-06
325,Софон Еремеевич Чернов,birjukovljubosmisl@rambler.ru,,п. Тырныауз,2025-06-15
326,Сила Тимурович Смирнов,danila71@hotmail.com,9161669421,г. Волгоград,32.13.2024
327,Пахом Ефремович Щукин,ribakovnifont@kulikov.edu,UNKNOWN,к. Тихорецк,2024-02-18
328,Вячеслав Аксёнович Зимин,filipp1988@oao.biz,,ст. Волгоград,2024-04-13
329,Богдан Филиппович Захаров,seliverstsharov@hotmail.com,UNKNOWN,г. Мончегорск,2025-11-26
330,Харлампий Германович Васильев,novikovatatjana@yandex.ru,9280236885,д. Ангарск,2024-10-15
331,Иванов Варлаам Тихонович,rfomichev@promsvjazbank.biz,,клх Минусинск,2024-12-30
332,Петров Харитон Давидович,pavel2000@ooo.com,8 (915) 648-55-36,с. Котельнич,2024-02-27
333,Медведев Леон Викторович,nikifor_1997@npo.org,8 (990) 813-87-15,к. Абакан,2024-09-08
334,Антонина Олеговна Соловьева,qisakov@npo.com,,клх Рославль,2024-07-28
335,Вера Васильевна Лапина,nikon2025@gmail.com,8 (931) 196-69-23,клх Оха,2025-03-29
336,Яковлев Святополк Августович,petuhovselivan@oao.org,+79884412594,,2025-08-13
337,Иосиф Георгиевич Силин,mishinmihail@yandex.ru,+79069226321,к. Каменск-Уральский,2025-09-06
338,Дмитриева Елена Валериевна,romanovgostomisl@rambler.ru,8 (921) 687-65-60,с. Каргополь,32.13.2024
339,Глафира Натановна Миронова,narkis_53@mail.ru,,с. Моздок,2024-09-23
340,Беспалов Тит Юлианович,skolobova@yandex.ru,8 (907) 189-45-59,п. Оренбург,2023-05-31
341,Орлова Синклитикия Эльдаровна,aleksandra62@gmail.com,9839575663,к. Буденновск,2023-09-01
342,Людмила Николаевна Селиверстова,rozhkovalora@drozdova.org,9027984900,ст. Луга,2023-06-18
343,Волков Вышеслав Эдгарович,ivanna_62@rao.org,+79506467254,г. Тольятти,2025-10-01
344,Панфилова Алина Эльдаровна,gromovharlampi@yahoo.com,9901108031,ст. Хасан,2025-09-02
345,Коновалов Максимильян Иосипович,svjatoslav_13@oao.ru,8 (945) 705-13-99,с. Белокуриха,2024-01-31
346,Козлова Регина Ниловна,evse_1996@gmail.com,+79870161616,д. Наро-Фоминск,2024-09-09
347,Денис Феофанович Дроздов,samsonovfilipp@yahoo.com,9365887237,д. Юровск,2024-11-09
348,Горбунов Радим Гертрудович,karl07@rambler.ru,,клх Нефтекамск,2023-11-23
349,Алла Ивановна Маркова,mina1983@npo.info,9786356993,д. Новомичуринск,2023-05-26
350,Евсеева Феврония Рубеновна,azari_83@npo.net,9714609188,с. Двинской,2024-03-08
351,Евлампий Чеславович Уваров,,UNKNOWN,ст. Тайшет,2023-11-06
352,Эмилия Егоровна Емельянова,afanasevjuli@gazprom.edu,8 (978) 326-91-82,ст. Мыс Шмидта,2026-01-21
353,Ларионов Степан Ерофеевич,,8 (921) 751-21-95,д. Набережные Челны,2024-10-03
354,Кононов Никон Харламович,kirill53@mail.ru,,г. Катав-Ивановск,2025-01-04
355,Зайцев Михаил Терентьевич,kondrat_2023@rao.net,8 (944) 659-58-22,к. Джубга,2023-12-09
356,Зиновьева Нинель Федоровна,evgraf92@rambler.ru,,ст. Крымск,2025-02-10
357,Цветкова Майя Олеговна,gromovkazimir@oao.edu,8 (970) 195-53-86,д. Александровск-Сахалинский,2025-08-27
358,Натан Августович Денисов,akulina_27@ohk.info,UNKNOWN,к. Энгельс,2026-03-09
359,Нестерова Милица Эльдаровна,antonin96@rao.edu,9421875543,,2025-04-11
360,Щукина Вера Антоновна,dobroslavkudrjashov@rambler.ru,9644476518,г. Касимов,2023-08-13
361,Горшков Устин Изотович,uljana_14@ooo.org,,п. Темрюк,2023-11-04
362,Лариса Станиславовна Моисеева,emilprohorov@rao.com,9047907058,клх Лысьва,2023-12-05
363,Мир Архипович Котов,morozovuljan@blinov.edu,UNKNOWN,д. Иваново,2025-10-05
364,Василиса Валериевна Сергеева,ilja_2006@rambler.ru,8 (949) 938-76-63,ст. Сунтар,2025-10-17
365,Горшкова Алевтина Геннадьевна,foti2022@zao.biz,UNKNOWN,ст. Андреаполь,2024-07-02
366,Зинаида Вячеславовна Симонова,maslovboleslav@gmail.com,,п. Приозерск,2024-03-28
367,Третьякова Анжела Григорьевна,ibolshakova@yahoo.com,,к. Адыгейск,2023-07-21
368,  ivan IVANOV ,svjatopolk_88@ip.info,UNKNOWN,д. Иркутск,2023-12-03
369,Корнил Бенедиктович Агафонов,fekla_68@rambler.ru,+79450535448,д. Ряжск,2026-04-01
370,Кудрявцев Вадим Иларионович,kornilovuljan@mail.ru,UNKNOWN,д. Омск,2025-12-16
371,Януарий Федосеевич Антонов,naum_50@maksidom.ru,9653538609,г. Абакан,2024-02-28
372,Елизавета Болеславовна Фомичева,uljana2015@rti.org,,д. Терней,2026-05-16
373,Любовь Сергеевна Кулагина,kovalevafanasi@yandeks.ru,9322638422,п. Якша,2025-10-10
374,Емельянов Григорий Валерианович,nadezhda_65@npo.info,UNKNOWN,с. Асбест,2023-07-22
375,Глафира Григорьевна Одинцова,galina65@yandex.ru,UNKNOWN,г. Абакан,2026-04-05
376,Гордеева Анна Натановна,umorozov@ooo.net,8 (922) 297-35-17,п. Пятигорск,2024-05-22
377,Ирина Макаровна Тимофеева,svjatoslav_75@oao.biz,UNKNOWN,клх Красная Поляна,2024-08-17
378,Феврония Афанасьевна Кулагина,ribakovamarina@mail.ru,+79934671611,с. Октябрьское (Хант.),2026-05-23
379,Федот Терентьевич Сысоев,ddementeva@rambler.ru,,к. Яхрома,2025-05-06
380,Надежда Степановна Зуева,tihonovataisija@yahoo.com,+79928389318,п. Новосибирск,2026-01-07
381,Евгения Аркадьевна Воронова,morozovsofron@gmail.com,8 (939) 829-92-45,п. Верхнее Пенжино,2025-12-12
382,Тимофеева Валерия Никифоровна,bojanaleksandrov@ao.net,9627588309,к. Медногорск,2026-05-07
383,Панкратий Тихонович Фокин,proklandreev@hotmail.com,9116076355,к. Губкин,2023-07-22
384,Кузьмина Галина Тарасовна,romanovanadezhda@rambler.ru,UNKNOWN,г. Андреаполь,2025-08-25
385,Комиссаров Кирилл Измаилович,varfolome_20@npo.info,,к. Канск,2025-01-10
386,Белоусова Вероника Болеславовна,anikitakuznetsov@yahoo.com,,п. Качканар,2026-01-10
387,Алина Рубеновна Романова,anatoli_1977@gmail.com,,ст. Якутск,2025-10-04
388,Исаева Юлия Степановна,alina2014@yahoo.com,8 (992) 927-81-33,к. Челябинск,2025-11-23
389,Кузьма Юлианович Фомин,radim07@rambler.ru,+79329730298,с. Качканар,2023-12-07
390,Мария Антоновна Кудрявцева,avdeevaninel@oao.info,UNKNOWN,к. Быково (метеост.),2024-03-30
391,Василиса Валентиновна Князева,danila_29@zao.org,8 (919) 240-35-53,клх Бологое,2024-07-28
392,Лукьян Анатольевич Киселев,alekseevajulija@metallotorg.ru,+79768443155,с. Минусинск,2023-09-27
393,Бирюкова Агафья Ждановна,kotovjulian@rambler.ru,8 (997) 892-31-83,г. Красногорск (Моск.),2026-04-04
394,Маргарита Тимуровна Зыкова,sergeevauljana@ip.ru,+79680202067,ст. Шарья,32.13.2024
395,Денис Иосифович Васильев,mironovaskold@zao.biz,9004427929,п. Беломорск,2025-07-17
396,Валерия Рубеновна Логинова,nikolaevazari@hotmail.com,,с. Ржев,2024-08-26
397,Виктор Борисович Устинов,xkarpova@rao.edu,8 (967) 445-65-97,к. Солнечногорск,2024-09-11
398,Шашков Чеслав Ярославович,,UNKNOWN,д. Партизанск,2025-05-24
399,Шестаков Доброслав Теймуразович,hristoforzuev@ip.biz,UNKNOWN,п. Саратов,2026-05-07
400,Вера Кузьминична Котова,cponomareva@oao.edu,9740613153,г. Кущевская,2025-09-19
401,Аполлон Жанович Носков,seliverst1990@hotmail.com,9009990686,клх Темрюк,2026-01-21
402,Гедеон Евстигнеевич Васильев,spartak_2003@ip.info,,г. Осташков,2026-02-08
403,Изяслав Ильясович Савин,,,ст. Благовещенск (Амур.),2024-06-15
404,Дмитрий Егорович Чернов,galaktion1994@ao.info,,с. Талдом,2024-07-04
405,Мельникова Александра Анатольевна,burovfilimon@yahoo.com,9971499471,п. Соликамск,2026-05-14
406,Воронцова Акулина Валериевна,kiselevapraskovja@yandex.ru,+79053773200,к. Обоянь,2023-09-30
407,Логинова Анастасия Кирилловна,zoja2011@rao.info,UNKNOWN,г. Петрозаводск,2025-05-21
408,Рубен Ефимьевич Лазарев,samolovatatjana@mail.ru,,клх Кандалакша,2023-11-21
409,Наина Валентиновна Красильникова,kuzma_1994@ikea.net,8 (953) 764-31-24,п. Урус-Мартан,2026-02-19
410,Мельникова Лукия Филипповна,emeljan1983@oao.biz,+79978422280,клх Черусти,2023-06-30
411,Громова Олимпиада Геннадиевна,qjudin@zao.biz,9121265692,,2024-09-23
412,Сигизмунд Давидович Артемьев,dmitrikudrjavtsev@hotmail.com,UNKNOWN,клх Дербент,2023-05-28
413,Логинов Олег Игоревич,dveselov@hotmail.com,UNKNOWN,клх Урюпинск,2023-09-10
414,Севастьян Арсенович Харитонов,faina13@yandex.ru,+79658111412,д. Нерчинск,2024-02-28
415,Муравьева Агата Антоновна,lturova@rambler.ru,8 (930) 438-45-16,п. Бугуруслан,2026-03-31
416,Оксана Аскольдовна Игнатьева,serafim2015@vinogradov.com,+79476944168,д. Избербаш,2026-02-18
417,г-н Матвеев Творимир Гертрудович,maksimkabanov@hotmail.com,9886812783,г. Каменск-Уральский,2025-08-28
418,Комаров Егор Валентинович,jaropolk_91@yandex.ru,,п. Глазов,2026-02-11
419,Федосеева Галина Ильинична,emeljanovaelizaveta@gmail.com,8 (979) 714-70-94,,2023-06-09
420,Элеонора Тарасовна Сергеева,evlasova@ao.net,,ст. Владимир,2023-09-10
421,Регина Феликсовна Морозова,koshelevjuvenali@yahoo.com,,с. Кропоткин (Краснод.),2025-01-30
422,Селиван Виленович Сазонов,mili_2010@rambler.ru,UNKNOWN,ст. Елатьма,2024-06-13
423,Устинова Клавдия Вячеславовна,visheslav2011@yahoo.com,+79957513948,г. Славгород,2025-09-19
424,Полякова Алина Семеновна,ytretjakov@rambler.ru,,клх Ржев,2024-10-03
425,Григорьева Евдокия Аскольдовна,rodion39@nikolaeva.edu,9653901994,клх Великий Устюг,2025-05-07
426,Дементий Ильясович Козлов,evdokimpanfilov@hotmail.com,UNKNOWN,г. Махачкала,2024-05-07
427,Шилова Октябрина Леоновна,zhukovaakulina@mail.ru,8 (994) 666-90-37,г. Торжок,2024-10-29
428,Туров Моисей Ильясович,bikovalarisa@ooo.edu,,ст. Сусуман,2023-07-28
429,Александр Артурович Никитин,,+79716354624,,2026-02-01
430,Тетерин Радим Феофанович,ermakovisidor@rao.info,9286665729,ст. Екатеринбург,2024-08-08
431,Тимофеева Таисия Семеновна,foka2004@npo.ru,UNKNOWN,клх Гремячинск (Перм.),2024-06-02
432,Бобров Георгий Гавриилович,smirnovvenedikt@mail.ru,9602659666,д. Горячинск,2024-12-02
433,Ширяев Ян Арсеньевич,valerinazarov@samsonova.com,8 (948) 496-63-97,к. Юровск,2025-05-21
434,Лукия Борисовна Рожкова,iosif_1997@npo.ru,UNKNOWN,к. Рыльск,2024-04-27
435,Нина Игоревна Лаврентьева,fedot_2017@hotmail.com,+79778371032,с. Сасово,2026-04-25
436,Гаврилова Маргарита Алексеевна,timur_1981@sibirskaja.info,8 (935) 669-43-26,с. Соловки,2023-12-14
437,Пелагея Святославовна Яковлева,prokltretjakov@ooo.ru,UNKNOWN,с. Юрюзань,2025-07-24
438,Сократ Гурьевич Копылов,dementi_1976@hotmail.com,UNKNOWN,к. Гремячинск (Бурят.),2023-07-25
439,Филарет Алексеевич Наумов,hristofor24@mail.ru,UNKNOWN,д. Кондопога,2024-07-29
440,Ипатий Артёмович Стрелков,beljaevavalentina@gmail.com,UNKNOWN,д. Когалым,2023-12-20
441,Кудрявцев Антип Бенедиктович,,UNKNOWN,с. Ямбург,2024-02-22
442,Миронов Ярослав Евстигнеевич,filippovevdokim@rao.edu,UNKNOWN,с. Гаврилов-Ям,2024-02-17
443,Михеева Марфа Федоровна,rjabovrjurik@zao.ru,8 (921) 891-78-78,к. Верхнее Пенжино,2025-02-22
444,Роман Яковлевич Власов,ostap2017@ip.org,+79455491430,к. Муром,2025-03-17
445,Игнатова Наталья Леоновна,silanti_70@oao.net,+79165092727,к. Кизляр,2023-09-25
446,Белоусов Артемий Якубович,averjanbeljaev@yandex.ru,+79244432632,д. Нязепетровск,2025-09-08
447,Харлампий Ефимьевич Панов,julija_1990@kuznetsova.org,+79688722430,г. Урай,2024-11-01
448,Абрамов Владимир Матвеевич,dvlasov@mail.ru,+79736456606,клх Яхрома,2023-12-08
449,Евгения Васильевна Кузнецова,kallistrat_2012@ip.org,9316730716,г. Краснокамск,2025-02-23
450,Агата Робертовна Бобылева,platon69@mail.ru,UNKNOWN,к. Тикси,2024-10-21
451,Севастьян Адрианович Сорокин,zahar_2010@ip.edu,8 (926) 866-54-37,клх Аргаяш,2024-12-01
452,Герасимов Боян Бориславович,varlaammorozov@gromova.net,UNKNOWN,г. Яр-Сале,2025-02-16
453,Октябрина Андреевна Орехова,efrembeljaev@hotmail.com,9269173782,г. Великие Луки,2025-09-12
454,Михей Вилорович Большаков,epifanshilov@poljakov.net,9665200007,к. Токсово,2024-07-03
455,Тамара Вячеславовна Кузьмина,haritonovapollon@porshe.info,+79328216558,г. Гаврилов-Ям,2025-11-24
456,Аполлон Иларионович Кононов,bobilevmitofan@velesstro.edu,,д. Белогорск (Амур.),2026-04-11
457,Гущина Акулина Константиновна,naumovafekla@ao.com,8 (999) 412-72-80,г. Светлогорск (Калин.),2025-05-08
458,  ivan IVANOV ,gshashkov@rambler.ru,+79210917183,с. Аршан (Бурят.),2023-12-04
459,Варвара Святославовна Галкина,silinaksenija@aleksandrov.ru,UNKNOWN,п. Курумкан,2023-09-20
460,Анисим Георгиевич Трофимов,oksana2021@gmail.com,,с. Дно,2025-05-20
461,Виноградова Валентина Тарасовна,kazakovkondrat@gmail.com,8 (950) 472-74-11,г. Шарья,2025-07-27
462,Колобов Ладислав Демидович,nifont1973@chernov.info,,п. Петропавловск-Камчатский,2025-03-31
463,Милица Степановна Федорова,elizarabramov@yandex.ru,UNKNOWN,ст. Вязьма,2023-08-27
464,Платон Денисович Родионов,bogdanovaninel@mail.ru,UNKNOWN,к. Кашхатау,2024-03-22
465,Голубева Людмила Константиновна,savvaseleznev@yandex.ru,+79293663355,д. Андреаполь,2025-02-12
466,Синклитикия Вениаминовна Яковлева,zinaida06@hotmail.com,UNKNOWN,,2024-11-12
467,Павлов Ювеналий Венедиктович,sazonovaalla@gmail.com,8 (917) 550-31-39,с. Юрюзань,2025-03-07
468,Абрамов Чеслав Валерьевич,rusakovataisija@natsionalnaja.org,,к. Новый Уренгой,2025-11-12
469,Князева Вероника Ивановна,evgeniuvarov@yahoo.com,UNKNOWN,д. Нефедова,2025-04-13
470,Лукина Майя Васильевна,bronislav_92@hotmail.com,UNKNOWN,п. Нефтекамск,2026-02-28
471,Антонина Федоровна Жукова,vladislavsokolov@mail.ru,,п. Истра,2025-02-25
472,Дьячков Корнил Устинович,nadezhda81@mail.ru,8 (952) 715-28-84,к. Россошь,2025-09-22
473,Гаврилова Валентина Макаровна,,UNKNOWN,п. Ведено,2024-07-30
474,Тетерина Оксана Руслановна,karpovaninel@npo.ru,UNKNOWN,клх Санкт-Петербург,2025-12-28
475,Акулина Яковлевна Панфилова,ivanovaoktjabrina@pochta.ru,,д. Бавлы,2024-01-03
476,Павлов Милен Авдеевич,bojan2003@oao.com,9246408985,ст. Катайск,2025-04-19
477,Петр Яковлевич Жданов,jakov_34@zao.info,+79796065791,ст. Объячево,2026-03-29
478,Фаина Евгеньевна Брагина,cefimova@lokoteh.net,+79941420660,г. Снежинск,2023-06-03
479,Евфросиния Матвеевна Андреева,avgust_2012@yandex.ru,9438994061,п. Ноябрьск,2023-06-27
480,Шаров Мина Якубович,ustin_09@ao.biz,UNKNOWN,д. Можга,2025-02-20
481,Панфил Борисович Фокин,larionovfortunat@yandex.ru,,п. Астрахань,2025-02-21
482,Федор Эдгарович Лобанов,valerjan55@hotmail.com,,г. Кировск (Мурм.),2026-01-26
483,Леонид Зиновьевич Михайлов,kudrjashovrjurik@ooo.biz,+79859910144,клх Тымовское,2023-09-16
484,Фомичева Фёкла Игоревна,,,г. Шамары,2026-05-02
485,Игнатова Агафья Егоровна,mihail55@ip.org,8 (978) 771-76-46,д. Буденновск,2023-07-30
486,Соболева Олимпиада Михайловна,radovan_99@zao.edu,8 (901) 306-94-76,г. Апшеронск,2023-09-17
487,Ефрем Ефимьевич Абрамов,fsharov@anisimova.net,,к. Нижний Новгород,2026-02-14
488,Мечислав Егорович Лыткин,dgolubev@gmail.com,9016499677,п. Кущевская,2023-06-29
489,Олимпий Аверьянович Ковалев,evstafimjasnikov@ooo.edu,UNKNOWN,,2023-06-07
490,Андреев Влас Давидович,vladilen_2002@yandex.ru,UNKNOWN,к. Архыз,2025-05-05
491,Соколова Глафира Максимовна,zbolshakova@yandex.ru,8 (968) 932-83-42,с. Магнитогорск,2025-08-05
492,Мельникова Майя Аскольдовна,sharapovanike@rao.info,8 (958) 797-68-85,г. Карабулак,32.13.2024
493,Селиверст Глебович Кудрявцев,kozlovaekaterina@ao.biz,+79246885603,клх Юрьевец (Иван.),32.13.2024
494,Кабанов Арсений Власович,slarionova@oao.org,8 (943) 177-80-32,к. Сызрань,2025-10-30
495,Панова Евдокия Федоровна,sergeevvaleri@rao.net,8 (924) 610-35-40,г. Новгород Великий,2023-12-02
496,Щукина Жанна Дмитриевна,radovan_44@ip.biz,+79382281482,ст. Яшалта,2024-01-10
497,Ратмир Бориславович Калинин,bogdan2007@ao.ru,UNKNOWN,п. Обоянь,2025-02-20
498,Ангелина Семеновна Жданова,tsoloveva@sovkomflot.net,,к. Красновишерск,2026-03-19
499,Орлова Ольга Владимировна,lebedevanisim@aktsionerni.ru,UNKNOWN,д. Ачхой Мартан,2025-08-14
500,Рогов Христофор Гаврилович,fedotgrishin@yahoo.com,9407407714,с. Уварово,2025-05-11
501,Наум Денисович Шубин,kalashnikovkapiton@rao.info,9368397022,г. Вендинга,2025-09-01
502,Дарья Степановна Турова,egor_30@zao.biz,9140809604,к. Курильск,2024-01-28
503,Котова Лора Максимовна,isa1984@ao.edu,+79596291839,с. Томари,2023-11-17
504,Анна Феликсовна Гришина,xkostin@hotmail.com,UNKNOWN,д. Саянск,2025-08-03
505,Никандр Бенедиктович Тимофеев,timofeevvladlen@ooo.ru,+79051227475,клх Абинск,2026-04-17
506,Марфа Львовна Петрова,,+79359334721,п. Улан-Удэ,2024-04-13
507,Варвара Николаевна Сорокина,martjan2014@oao.edu,9697787747,п. Сосногорск,2024-07-28
508,Крюков Амос Геннадиевич,burovradim@gk.info,8 (962) 893-67-20,ст. Льгов,2023-09-08
509,Татьяна Леоновна Логинова,moke58@goznak.org,9613791169,д. Петропавловск-Камчатский,2025-05-06
510,Рубен Витальевич Федосеев,blohinasinklitikija@filatov.com,9692181541,с. Биробиджан,2023-07-14
511,Шарапов Парамон Давыдович,uignatov@rambler.ru,+79559350437,п. Усть-Ишим,32.13.2024
512,Агата Руслановна Горшкова,tustinov@rambler.ru,+79426324454,с. Меренга,2023-07-13
513,Сысоева Майя Феликсовна,varlaam1987@npo.ru,8 (919) 186-93-59,д. Черемхово,2024-09-30
514,Елисеев Фома Ильич,budimir_84@ip.info,UNKNOWN,г. Сосновый Бор,2025-02-06
515,Юрий Фадеевич Блинов,abramovaraisa@npo.ru,UNKNOWN,п. Надым,2025-01-04
516,Валентина Эльдаровна Артемьева,samolovanaina@yandex.ru,9517169553,д. Междуреченский,2024-09-10
517,Велимир Викентьевич Миронов,sharapovaemilija@hotmail.com,UNKNOWN,,2023-07-07
518,Павел Захарьевич Матвеев,simonsubbotin@vladimirova.com,+79990084878,п. Архыз,2025-05-30
519,Голубев Селиверст Ерофеевич,rodionovratibor@mail.ru,,г. Ирбит,2026-02-26
520,Екатерина Афанасьевна Воробьева,mir_1998@oao.org,9820916739,клх Данков,2023-06-18
521,Клавдия Семеновна Суханова,ljudmila1989@yahoo.com,,п. Тобольск,2023-08-13
522,Иванна Эдуардовна Осипова,hohlovemeljan@mail.ru,8 (989) 737-72-34,с. Балашиха,32.13.2024
523,  ivan IVANOV ,kirillovkapiton@ao.ru,,п. Нальчик,2024-05-15
524,Панфил Ааронович Буров,radovan_86@yandex.ru,8 (963) 480-69-99,с. Павловский Посад,2024-03-03
525,Красильникова Синклитикия Святославовна,ananinikiforov@yandex.ru,+79832850970,г. Соловки,2024-05-21
526,Баранов Мартьян Харитонович,olimpi_1974@rambler.ru,+79824790131,ст. Тутончаны,2024-11-16
527,Быков Ратмир Чеславович,taisija_1989@yahoo.com,UNKNOWN,с. Ржев,2026-02-27
528,Харитонова Оксана Матвеевна,simon1990@bank.biz,+79271992483,г. Ковров,2024-04-03
529,Агата Григорьевна Некрасова,,+79466177523,п. Нижневартовск,2026-02-27
530,Ия Артемовна Самойлова,juri_1997@npo.biz,UNKNOWN,клх Нефтеюганск,2025-10-03
531,Галина Сергеевна Рябова,lev_1986@ip.edu,,к. Северодвинск,2025-01-11
532,Прохорова Ия Васильевна,filatovpankrati@oao.biz,8 (982) 874-54-66,клх Киров (Вятка),2024-07-23
533,Олимпий Анатольевич Кузнецов,birjukovterenti@yahoo.com,UNKNOWN,ст. Нязепетровск,2025-07-30
534,Козлова Оксана Васильевна,nina_72@ip.biz,9172167429,к. Курчатов,2024-12-19
535,Регина Аркадьевна Федорова,popovauljana@npo.com,9406994931,д. Находка,2024-05-29
536,Власова Любовь Александровна,valentin_51@oao.com,UNKNOWN,ст. Костомукша,2024-01-19
537,Зоя Валентиновна Федосеева,,8 (941) 519-92-51,к. Листвянка (Иркут.),2025-04-29
538,Стрелкова Ульяна Валентиновна,konstantinovfoma@npo.info,,п. Южноуральск,2023-09-04
539,Новикова Надежда Вадимовна,ershovbronislav@yandex.ru,8 (975) 362-16-56,п. Чегем,2024-09-09
540,Анисимова Акулина Архиповна,veniamin2012@hotmail.com,9387541399,клх Набережные Челны,2026-02-18
541,Боброва Светлана Ильинична,tpestov@zhuravleva.info,UNKNOWN,ст. Охотск,2024-07-15
542,Мясников Федор Федосеевич,kasjan_1986@hotmail.com,8 (929) 644-59-34,клх Кириши,2023-12-05
543,Соловьев Олимпий Анисимович,karp_52@mail.ru,+79599299989,п. Терскол,2025-05-07
544,Воронцова Полина Никифоровна,sila1981@npo.ru,9706019487,с. Кедровый,2024-06-03
545,Нинель Альбертовна Веселова,vasilevvitali@rambler.ru,8 (941) 965-57-62,д. Лысьва,2025-07-09
546,Цветков Вышеслав Марсович,petrovmir@gmail.com,+79229703585,клх Адыгейск,2026-03-08
547,Панфилова Синклитикия Васильевна,pbogdanova@npo.com,+79639695468,г. Камышлов,2025-10-22
548,Вениамин Венедиктович Пестов,,9612750316,п. Мыс Шмидта,2024-10-30
549,Морозова Валентина Архиповна,merkushevaninel@yahoo.com,8 (946) 696-41-39,к. Губкинский,2024-04-07
550,Журавлева Вера Феликсовна,vsidorova@mail.ru,+79776938677,клх Магас,2026-04-11
551,Вера Викторовна Щукина,vladimirovefrem@gmail.com,,г. Верхнее Пенжино,2023-12-13
552,  ivan IVANOV ,osip1973@ooo.biz,,с. Сусуман,2026-04-11
553,Василий Гурьевич Никонов,konstantinovanaina@oao.biz,,к. Обоянь,2023-06-10
554,Герасимов Лонгин Данилович,ogrigorev@yahoo.com,9238462628,ст. Устюжна,2023-11-26
555,Федоров Никита Вячеславович,kulaginselivan@gmail.com,8 (995) 150-80-61,ст. Тулпан,2026-04-10
556,Давыд Дорофеевич Абрамов,nikanor_2002@yahoo.com,UNKNOWN,с. Елабуга,2025-12-25
557,Осипова Мария Владимировна,kornilovsilvestr@rambler.ru,,п. Шадринск,2024-04-03
558,Вадим Ильич Сазонов,georgi2014@ooo.edu,,г. Усть-Калманка,2023-06-12
559,Любовь Афанасьевна Харитонова,andronmjasnikov@zao.net,+79472944000,к. Ижевск,2025-02-16
560,Никонов Федот Гурьевич,jaropolkkozlov@kolesnikova.com,+79260971128,ст. Волхов,2026-01-26
561,Владилен Феликсович Горбачев,zahar51@yahoo.com,8 (968) 316-36-79,д. Череповец,2023-08-14
562,Лидия Наумовна Федорова,pestovaveronika@tsvetkov.net,UNKNOWN,ст. Катайск,2024-07-06
563,Князева Иванна Эльдаровна,fedot91@kononov.ru,+79499247875,,2025-12-15
564,Мирослав Геннадиевич Лаврентьев,aksenovsavva@zao.edu,UNKNOWN,с. Воскресенск,2023-08-15
565,Федорова Олимпиада Валериевна,milan_1981@mail.ru,9994660711,клх Междуреченский,2024-11-20
566,Эрнест Адрианович Родионов,kazakovisidor@hotmail.com,UNKNOWN,к. Серпухов,2023-12-22
567,Будимир Елизарович Вишняков,kudrjashovsidor@rao.info,,ст. Устюжна,2023-06-10
568,Агафья Ниловна Беспалова,pelageja_2007@yahoo.com,UNKNOWN,к. Котлас,2024-02-15
569,Галина Эдуардовна Бобылева,jfilatova@gmail.com,8 (977) 437-67-79,д. Холмогоры,2024-12-03
570,Кириллова Ангелина Альбертовна,jakushevrodion@mail.ru,UNKNOWN,к. Мытищи,2024-06-28
571,Рожкова Марина Феликсовна,vlasovamarija@ooo.net,9197713683,д. Минусинск,2025-07-18
572,Константин Дорофеевич Фадеев,guljaevantip@ao.org,8 (952) 410-66-91,,2023-09-14
573,Вероника Макаровна Тарасова,konon76@hotmail.com,9657518717,к. Тарко-Сале,2024-09-30
574,Савельева Алла Макаровна,borisovgalaktion@ao.com,,п. Каневская,2025-06-20
575,Натан Дорофеевич Белоусов,makar_1997@prohorova.com,8 (924) 331-14-62,к. Владимир,2024-10-12
576,Вишнякова Лариса Романовна,dmitrieliseev@knjazeva.biz,9995469480,к. Юровск,2023-11-08
577,Сысоева Алина Олеговна,sinklitikija50@gmail.com,UNKNOWN,клх Гдов,2025-10-27
578,Виссарион Витальевич Иванов,nalekseev@ershova.com,,к. Нарьян-Мар,2023-10-22
579,Селиверстов Селиверст Александрович,andreevfortunat@adidas.net,+79045543743,ст. Ербогачен,2023-06-01
580,Денис Адамович Гришин,gerasim2018@gmail.com,UNKNOWN,д. Карабудахкент,2025-07-02
581,Иванна Егоровна Гуляева,borislav72@trofimova.ru,UNKNOWN,д. Оленегорск (Якут.),2023-09-17
582,Светлана Яковлевна Кабанова,ermola86@ooo.info,,д. Гатчина,2023-06-08
583,Комиссарова София Альбертовна,epifan89@ip.info,UNKNOWN,ст. Талдом,2025-04-05
584,Азарий Иларионович Кузнецов,mihe82@gmail.com,UNKNOWN,с. Лодейное Поле,2025-09-12
585,Устинова Алла Петровна,matveevevdokim@hotmail.com,,п. Тикси,2025-10-13
586,  ivan IVANOV ,gerasim2017@rambler.ru,,клх Сунтар,2026-05-16
587,Самсонов Всеслав Георгиевич,xmakarova@hotmail.com,UNKNOWN,п. Змеиногорск,2025-02-15
588,Корнилов Кир Данилович,zatsevmaksim@mail.ru,+79262758762,клх Видное,2025-12-31
589,Кулагина Лидия Филипповна,kirill1984@maslov.org,+79039428930,ст. Усть-Калманка,2024-11-13
590,Кира Аскольдовна Силина,lavrenti52@ao.edu,8 (920) 788-46-88,г. Кизилюрт,2023-08-04
591,Карпова Евдокия Андреевна,filimon83@mail.ru,+79804592121,к. Казань,2025-12-19
592,Князева Любовь Ждановна,fedotovmilen@mail.ru,,г. Ельня,2024-07-05
593,тов. Лапина Таисия Архиповна,vsemilsharov@mail.ru,,клх Курильск,2025-07-05
594,Мясникова Зоя Константиновна,panfilovalidija@fmsm.biz,9910316138,д. Озеры,2024-09-16
595,Цветкова Синклитикия Захаровна,komarovaklavdija@yandex.ru,9534445451,к. Кировск (Ленин.),2024-01-09
596,Марфа Юльевна Денисова,ljubosmisl_05@npo.ru,,д. Александров,2026-01-12
597,Орехов Андрей Димитриевич,gromovgavrila@oao.edu,+79358406707,к. Пинега,2026-02-07
598,Евграф Ааронович Молчанов,osipovgostomisl@ao.net,+79544053844,ст. Джубга,2024-10-05
599,Марфа Федоровна Емельянова,izmailvladimirov@mail.ru,,г. Люберцы,2025-08-05
600,Денисова Майя Тарасовна,lavr12@mishina.ru,9996206898,д. Калевала,2024-08-12
601,Киселев Изяслав Анатольевич,skoshelev@rambler.ru,8 (926) 691-97-52,д. Борзя,2024-02-27
602,Милица Антоновна Степанова,lkabanov@rambler.ru,+79033471933,г. Волхов,2025-02-18
603,Феоктист Игнатьевич Кудряшов,beljakovkondrat@slavneft.biz,,к. Ярославль,2026-04-23
604,Фаина Тарасовна Воронцова,rjabovaanzhela@rambler.ru,+79324945099,д. Краснокамск,2025-08-03
605,Воронцова Жанна Игоревна,afinogenmedvedev@ooo.net,9365196671,ст. Химки,2026-01-25
606,Афанасьева Василиса Романовна,saveli84@hotmail.com,UNKNOWN,ст. Ардон,2025-05-11
607,Фёкла Олеговна Жукова,dobroslav60@yandex.ru,9357867151,,2025-12-04
608,Беляков Чеслав Архипович,feofan_52@gmail.com,,п. Витим,2023-12-10
609,Колесников Емельян Владиславович,simon14@rambler.ru,UNKNOWN,п. Курганинск,2024-08-08
610,Сазонов Лазарь Феодосьевич,olimpi_04@yandex.ru,UNKNOWN,п. Верхотурье,2023-08-29
611,Морозова Евпраксия Робертовна,ershovamarija@hotmail.com,UNKNOWN,к. Богучар,2026-01-04
612,Гаврила Иосифович Ефремов,radislav15@yandex.ru,UNKNOWN,клх Ангарск,2024-07-24
613,Беляев Федот Трофимович,mir_86@ip.biz,+79990831766,ст. Кашира,2025-08-08
614,Тарасов Орест Евсеевич,ilinasvetlana@yandex.ru,9248779766,с. Ангарск,2025-10-06
615,Екатерина Аркадьевна Турова,panfilovelizar@ao.info,+79420989391,к. Сургут (Хант.),2023-10-05
616,Аникей Ермилович Сергеев,borislav98@mail.ru,,п. Котельнич,2025-12-07
617,Анна Филипповна Ефимова,safonovipati@oao.ru,,к. Батайск,2026-01-15
618,Мирослав Трофимович Ефремов,mir1989@rambler.ru,,клх Белый Яр (Томск.),2023-07-10
619,Зиновий Ааронович Матвеев,zhdanovlazar@yandex.ru,,г. Анадырь,2025-07-10
620,Ипатий Якубович Емельянов,solomon_13@hotmail.com,UNKNOWN,клх Ачинск,2024-02-11
621,Муравьев Владислав Устинович,kimbolshakov@rao.com,8 (976) 889-58-51,ст. Приозерск,2025-03-14
622,Анжела Макаровна Костина,zatsevafevronija@yahoo.com,UNKNOWN,д. Тутаев,2025-03-08
623,Горбунов Глеб Ааронович,florentin_2005@gmail.com,,клх Середниково,2024-03-23
624,Фомичева София Харитоновна,dmitri_40@ooo.net,9656583196,г. Хоста,2023-12-26
625,Федорова Светлана Антоновна,igormatveev@oao.biz,+79967522662,д. Ельня,2025-04-17
626,Константин Эдгардович Анисимов,zodintsova@yahoo.com,8 (975) 503-90-50,д. Неплюевка,2026-05-11
627,Игнатьева Таисия Вячеславовна,blohinazinaida@gmail.com,+79202107025,с. Камышин,2026-01-22
628,Маслов Спиридон Марсович,sofija_2018@yandex.ru,,г. Диксон,2025-02-06
629,Фаина Ильинична Коновалова,bespalovaeleonora@ao.edu,,п. Шали,2025-01-02
630,Регина Святославовна Субботина,vladislav1999@npo.edu,,с. Нарьян-Мар,2024-06-19
631,Павлов Иннокентий Артурович,januari1984@gmail.com,+79618853630,с. Ямбург,2024-12-05
632,Елена Кирилловна Федосеева,loginovaija@ao.ru,,с. Новороссийка,2024-01-05
633,Медведева Екатерина Эльдаровна,ignatovfeoktist@yandex.ru,9578958595,к. Кинешма,2025-07-06
634,Соловьева Иванна Семеновна,blinovaaleksandra@gmail.com,9616290544,с. Лабинск,2024-08-17
635,Суворова Лукия Ниловна,vasilisa52@suhanova.info,+79037931259,д. Красноуфимск,2026-05-16
636,Лора Матвеевна Маркова,amosustinov@npo.edu,9520507291,клх Тула,2024-08-02
637,Юлий Владленович Кузнецов,novikovnikita@rao.ru,8 (935) 381-42-11,п. Соль-Илецк,2025-04-25
638,Антонина Ниловна Богданова,,+79397034107,с. Александров,2024-12-30
639,Таисия Максимовна Горбачева,janbaranov@zao.biz,8 (919) 957-73-62,с. Кулунда,2026-03-26
640,Никифор Артёмович Стрелков,jaropolk1972@zao.info,,к. Хужир,2025-09-17
641,Фаина Болеславовна Пахомова,isakovkliment@zao.com,,,2024-11-22
642,Оксана Алексеевна Степанова,faina19@ooo.info,9569355272,д. Красная Поляна,2025-07-22
643,Фирс Аверьянович Агафонов,ignatiromanov@gmail.com,,ст. Биробиджан,2024-02-17
644,Лебедев Мечислав Ерофеевич,modestkulakov@npo.edu,8 (995) 347-96-85,ст. Улан-Удэ,2025-09-14
645,Дарья Федоровна Константинова,tit1973@rao.org,8 (986) 108-18-11,к. Оренбург,2023-10-14
646,Евгения Станиславовна Жданова,shestakovaelizaveta@yandex.ru,8 (924) 134-13-89,ст. Тавда,2025-01-25
647,Харитонова Таисия Алексеевна,filaret47@oao.org,UNKNOWN,ст. Тутончаны,2025-06-25
648,Зимин Захар Вячеславович,petrovapelageja@konar.biz,9316290643,г. Яхрома,2025-01-04
649,Агафья Олеговна Кабанова,shilovcheslav@mail.ru,,к. Приозерск,2023-11-28
650,Владилен Арсенович Виноградов,nikolaevolimpi@lanit.edu,,к. Апшеронск,2023-11-05
651,Адам Абрамович Чернов,noskovgennadi@ip.biz,9234490716,ст. Артем,2024-02-23
652,Алина Геннадьевна Сысоева,evstigne2014@zao.biz,+79078296722,к. Кош-Агач,2025-04-03
653,Октябрина Степановна Силина,julian_29@mironov.ru,,ст. Беломорск,32.13.2024
654,Щербакова Светлана Рубеновна,noskovvisheslav@yahoo.com,,п. Темрюк,32.13.2024
655,Мартынова Акулина Юрьевна,marian_2008@vinogradova.net,9430156867,д. Тавда,2026-03-28
656,Беспалов Самуил Феликсович,german50@yandex.ru,8 (910) 961-68-47,к. Адыгейск,2026-03-15
657,Моисеев Радован Валерьянович,jdavidova@gmail.com,8 (913) 745-98-55,клх Минеральные Воды,2025-09-29
658,Боян Бориславович Пономарев,olimpi2021@npo.info,UNKNOWN,к. Барнаул,2024-03-22
659,Петр Васильевич Зуев,ekulikov@npo.biz,8 (957) 116-14-53,с. Можайск,2026-04-25
660,Харитонов Владимир Эдуардович,apollinari_97@ooo.org,8 (966) 569-96-78,к. Мичуринск,2025-05-05
661,  ivan IVANOV ,karp_07@oao.com,9753011714,клх Баргузин,2025-06-21
662,Радим Фадеевич Буров,sofonkomissarov@npo.net,UNKNOWN,с. Ростов,2025-02-21
663,Тимофеева Феврония Ниловна,ljubomir34@rao.org,8 (925) 536-53-96,с. Бугуруслан,2024-03-09
664,Мартьян Антонович Колобов,valentin22@rao.info,,ст. Хужир,2025-07-05
665,Мария Захаровна Лукина,evstafi2011@gorshkov.edu,UNKNOWN,с. Выборг,2024-08-15
666,Дементьева Евдокия Святославовна,vmaksimova@rao.biz,9007756709,д. Карталы,2024-07-26
667,Аникей Даниилович Филиппов,miheevvarlaam@ignatov.biz,8 (998) 587-98-26,с. Кулунда,2025-03-27
668,Агафонов Роман Феоктистович,milan1982@mail.ru,9770086298,г. Волхов,2024-12-18
669,Константинов Евдоким Антонович,viktorija_48@zao.ru,UNKNOWN,с. Кирово-Чепецк,2024-02-23
670,Эмилия Ждановна Громова,qkononova@yahoo.com,,к. Яр-Сале,2025-09-18
671,Иванов Бажен Абрамович,ipati_2016@hotmail.com,,г. Гаврилов-Ям,2025-02-02
672,Дарья Георгиевна Петрова,kostinaekaterina@gmail.com,8 (906) 650-32-30,с. Тимашевск,32.13.2024
673,Василиса Святославовна Григорьева,vladimirovvseslav@rao.biz,9802178290,г. Аргаяш,2026-01-30
674,Дмитрий Филатович Степанов,mefodi1990@hotmail.com,,к. Обоянь,2024-04-01
675,Гришин Ладислав Бориславович,burovgerman@ooo.edu,9401026552,п. Нарткала,2025-10-03
676,Павлов Измаил Виленович,glafira1994@yahoo.com,8 (904) 808-82-17,г. Тавда,2026-01-13
677,Авдей Феодосьевич Ковалев,lavrenti2008@ip.info,8 (937) 718-30-91,п. Валаам,2025-06-11
678,Большаков Всеволод Иосифович,denisovizot@yandex.ru,8 (966) 600-37-85,к. Новороссийка,2024-12-14
679,  ivan IVANOV ,petremeljanov@rambler.ru,+79466271010,к. Раменское,2024-04-09
680,Валентина Борисовна Бирюкова,sevastjanblohin@kmr.ru,+79787564180,ст. Бузулук,2024-08-21
681,Феликс Ермилович Сидоров,karl57@ip.info,8 (910) 671-11-98,клх Щелково,2026-04-29
682,Гришина Наина Богдановна,prohorovelizar@yahoo.com,+79097420069,п. Краснодар,2024-05-16
683,Гаврилов Ладислав Афанасьевич,juri2013@yandex.ru,+79497959196,п. Муром,2023-09-15
684,г-н Дроздов Станимир Бориславович,slobanov@zao.com,UNKNOWN,к. Ногинск (Моск.),2026-05-11
685,Комиссаров Карп Димитриевич,kolesnikovanani@egorova.com,9666208705,с. Териберка,2025-04-18
686,Быкова София Болеславовна,zhanna_11@yandex.ru,+79119149420,с. Фатеж,2023-10-16
687,Тетерина Мария Ждановна,evgenija1997@rao.edu,UNKNOWN,д. Балтийск,2023-11-03
688,Терентьев Венедикт Аксёнович,djachkovaraisa@ooo.net,+79754672588,клх Шереметьево,2024-11-28
689,Игнатьев Леон Валерьевич,gorbachevairina@mail.ru,UNKNOWN,к. Владикавказ,2023-07-30
690,Некрасов Ладимир Ильясович,dementevljubomir@ip.edu,,клх Кызыл,2024-11-24
691,Полина Харитоновна Гришина,kostinatatjana@yandex.ru,8 (922) 395-19-23,к. Зарайск,2024-12-15
692,Наталья Анатольевна Сысоева,bshirjaev@ooo.com,+79673532691,к. Вязьма,2026-03-17
693,Белозеров Агафон Филимонович,sidor_61@yahoo.com,9692211324,г. Арсеньев,2025-07-25
694,Лора Яковлевна Сысоева,arhipovfoti@oao.org,8 (989) 642-80-66,г. Ясный (Оренб.),2024-06-07
695,Татьяна Тимуровна Шестакова,azarikrjukov@ooo.info,8 (961) 480-46-16,г. Жиганск,2026-02-14
696,Щукина Ульяна Валентиновна,,9853042013,д. Волгоград,2025-05-30
697,Давыдов Фрол Адамович,evdokim_58@ip.com,8 (933) 478-33-36,клх Абинск,2024-07-29
698,Сократ Владиславович Мельников,mishinignati@general.edu,,п. Качканар,32.13.2024
699,Бобылева Нонна Ниловна,drogov@ooo.com,UNKNOWN,к. Валдай,2024-03-28
700,Михеев Тимофей Даниилович,,UNKNOWN,д. Объячево,2025-10-10
1,Мишин Емельян Валерьевич,mechislav_37@hotmail.com,UNKNOWN,п. Печора,2024-05-31
2,Егоров Тихон Федосеевич,serafim_1986@gmail.com,UNKNOWN,п. Мостовской,2024-07-21
3,Зыков Вацлав Алексеевич,fharitonova@gmail.com,9749621470,ст. Луга,2024-06-15
4,Савельева Юлия Кузьминична,odintsovgerman@ignatev.biz,,п. Воскресенск,2025-03-28
5,София Тимофеевна Михеева,selivan_1979@ao.ru,9206468299,г. Уренгой,2026-01-17
6,Варвара Степановна Шилова,aksenovkazimir@rao.biz,9298471886,п. Карпинск,2025-06-15
7,Гедеон Феофанович Андреев,belovemmanuil@hotmail.com,,п. Руза,2023-06-08
8,Орехова Ангелина Дмитриевна,nonna_92@hotmail.com,+79993631208,клх Красная Поляна,2025-03-05
9,София Константиновна Полякова,lavrnekrasov@yahoo.com,,с. Петушки,2024-12-16
10,Евдокия Аркадьевна Ларионова,elise1970@gmail.com,9282116655,г. Бийск,2025-09-21
11,Зыкова Глафира Геннадиевна,silagushchin@mail.ru,,клх Печора,2025-08-20
12,Геннадий Матвеевич Цветков,,+79413140753,п. Борзя,2024-09-09
13,Мирослав Гертрудович Виноградов,,9119778234,г. Чита,2023-08-26
14,г-н Волков Фирс Алексеевич,artem1973@ooo.ru,9320452650,ст. Верхний Тагил,2024-04-12
15,Прокофий Владиленович Уваров,solovevfrol@rambler.ru,9348059918,ст. Южно-Курильск,2023-11-12
